女,武汉
女,长沙
女,上饶
男,泰州
男,北京
女,厦门
女,南昌
男,佛山
女,杨浦
男,北京
女,杭州
女,枣庄
男,郑州
女,Shanghai
女,杭州
女,朝阳区
男,千叶
男,南京
女,永州
女,深圳
女,上海
女,无锡
男,沧州
男,上海
男,上海
男,上海
女,西安
男,嘉定
女,苏州
女,武汉
男,北京
男,江苏
女,宁波
男,上海
女,嘉兴
女,无锡
女,长春
女,台州
女,无锡
女,无锡
女,上海
男,南京
女,乌鲁木齐
女,黄浦区
女,黄浦区
男,上海
男,上海
女,中国
女,杭州
女,杭州
女,辽宁
男,杭州
男,浙江
女,上海
女,杭州
女,西安
男,衢州
女,深圳
女,马鞍山
女,北京
女,温州
男,芜湖
女,嘉兴
男,台北县
女,崇明
女,沧州
女,上海
女,上海
女,六安
男,宁波
女,宝山
女,湘潭
女,宁波
女,武汉
男,广州
男,山南
男,珠海
男,无锡
男,珠海
男,嘉兴
女,泉州
女,上海
女,青岛
男,苏州
男,兴化
女,日照
男,苏州
女,广州
女,南京
女,北京
女,杭州
女,南京
女,大连
女,烟台
女,宝山
女,北京
女,洛阳
女,上海
女,温州
男,杭州
女,北京
女,兰州
男,黄浦区
男,佛山
女,南昌
女,杭州
男,昌平
女,无锡
女,武汉
女,舟山
女,南京
女,宁波
女,长沙
女,浦东新区
女,京都
男,常州
女,南京
女,厦门
女,杭州
女,厦门
女,上海
女,上海
女,上海
男,天津
男,北京
女,南京
女,青岛
男,合肥--苏州
男,衡水
女,台州
男,德州
女,合肥
女,扬州
女,None

女,武汉
未知,北京

男,上海
女,None
男,福州

女,杭州

女,合肥
女,南京
女,上海
未知,成都
女,None
男,深圳
女,None
女,None
男,长宁
女,None
女,None
男,上海
男,None
男,浦东新区

女,杭州
女,None
男,南宁
男,南宁
男,南宁
女,上海
男,广州
女,北京

男,苏州
女,北京
女,杭州
女,None

男,None
女,上海
女,衢州
女,海淀
女,南充
男,宁德
女,None
男,南宁
男,南宁

女,沈阳
女,苏州
男,南宁
男,南宁
女,上海
女,绍兴
女,绍兴
男,重庆

男,沈阳

女,None
女,上海

男,珠海
男,青岛

男,杭州
女,宜兴
女,北京

女,None

未知,南京

女,烟台
男,天津
男,西安
男,西安

女,上海
女,None
男,北京
男,淄博

女,None
女,成都
女,上海
女,无锡
女,上海
男,上海
男,上海
女,None
女,None
女,芜湖
女,武汉
男,杭州
女,杭州
男,武汉

男,台州
女,广州

女,闸北

女,None

女,西塘

女,杭州

女,上海
女,成都
女,金华

男,None
男,大兴
男,南京
女,海淀
未知,杭州
男,上海
女,南京
女,洛阳
女,佛山

女,None
女,禾木
女,成都

女,南昌
未知,南京

未知,南京
男,温州
男,大连

未知,南京

女,上海
男,南通

男,上海

男,宿州

女,上海
女,上海
女,南京
女,杭州
男,上海
女,None
女,上海

女,哈尔滨
女,浙江
女,None
男,丰台
女,上海

男,成都
男,南京
女,杭州
男,上海
女,上海
未知,宁波

女,厦门
男,天津
男,苏州
女,上海
女,深圳
未知,厦门

女,北京
女,杭州
女,苏州
女,中国
男,厦门
男,昆明
女,沈阳
男,天津
女,上海
男,苏州
男,None
女,广州
女,铜陵
女,铜陵
女,常州

女,None
女,Toronto
男,东莞
男,绵阳

男,石家庄
女,武汉
女,南京
女,无锡
男,苏州

女,抚顺
男,南京
未知,厦门
女,南京
女,郑州
女,苏州
女,None
女,西安
男,None
女,沈阳
男,西安

女,柳州
女,绍兴
未知,北京
女,济南

女,南京
男,长春
未知,广州
男,上海
男,上海
女,义乌
女,朝阳
女,深圳
女,宁波
男,天津
男,南澳岛

女,邯郸
女,三亚

女,上海

女,西塘

男,北京
男,上海
女,长春

女,徐州
男,广州
女,成都
女,武汉
女,北京
未知,上海
女,洛阳
男,杭州
女,南京

女,湘西
男,柳州
女,None
男,南京
男,柳州
未知,深圳
女,苏州
女,None
女,江苏
女,上海
女,温州
男,石嘴山
女,辽宁
女,杭州
男,丽江
女,上海
