男,丰台
未知,None
未知,None
未知,None
未知,None
未知,None
未知,None
未知,None
未知,None
未知,None
未知,None
未知,None
未知,None
未知,None
未知,None
未知,None
未知,None
未知,None
未知,None
女,佛山
未知,None
女,桂林
女,广西南宁
女,合肥
未知,成都
女,长沙
男,深圳
女,合肥
女,None
男,南昌
男,深圳
男,None
男,天津
女,厦门
男,北京
女,天津
女,广州
女,广州
女,佛山
男,澳门
男,苏州
男,None
未知,None
女,深圳
女,哈尔滨
未知,None
未知,None
女,None
女,大连
男,None
女,贵阳
男,沈阳
未知,None
未知,None
未知,None
未知,None
男,厦门
女,惠阳区
未知,None
女,深圳
男,珠海
女,成都
女,深圳
未知,None
女,北京
女,北京
女,广东东莞
女,深圳
男,珠海
男,泉州
女,广州
女,深圳
男,广州
女,广州
女,广州
女,深圳
未知,None
男,深圳
未知,None
男,黔西南
女,深圳
女,香港
未知,None
Violet,女,纳什维尔
hljiang,女,杭州
None,未知,None
遨游,男,北京
社会你庞大姐,女,广州
路过,女,广州
🌟婷婷📱,女,广州
许宁,男,上海
None,未知,None
叮叮·DingDang,男,衡阳
mym8808,男,广州
今生来世,男,上海
逍遥游,男,上海
乐游生活志,男,None
None,未知,None
州,男,丰台
ばかなやつ,男,百色
blueoooo,女,河南
千万里的出游日记,女,广州
奔波的上帝,女,常州
绿水青山,女,北京
逍遥游,男,上海
Ee~2,女,东莞
哥的爸的猜想,男,邵阳
哥的爸的猜想,男,邵阳
Leo_Big,男,兰州
None,未知,广东
None,未知,佛山
SpiritPrincess,女,北京
PanPan,男,乐山
米亚,女,莫斯科
放蕩江湖誰與隨,男,深圳
石头,男,哈尔滨
石头,男,哈尔滨
None,未知,None
马蜂窝用户,男,杭州
ଘ₂⁰₁⁷Tom咪咪💸,女,广州
麻麻探世界,男,广州
呆呆,女,广州
柠檬旅行日记,女,北京
梦窗,男,深圳
伊人舞剑行天涯,女,上海
Sue,女,阳朔
伊人舞剑行天涯,女,上海
君君,女,湛江
None,未知,None
vivi慢生活,女,广州
InidaDr,男,南宁
全职猎人,男,广东
amy,女,香港
万岁,男,苍梧
法朵的一路狂想,女,广州
随意随遇,女,None
None,未知,None
None,未知,None
雪梨Shirley,女,顺德
Ellen丞琳,女,广州
None,未知,None
小玲蓝,女,佛山
蝈蝈,男,None
None,未知,揭阳
大脸喵,女,None
莎拉zxh,女,广州
魏洋不是喂羊,女,None
鸿翔枫叶,男,深圳
南风过境甜酒微醺,女,None
一块小饼干,女,杭州
Anne,女,佛山
3格格巫3y,女,海口
None,未知,None
咕咚咕咚,女,厦门
騒妈，,男,贵阳
None,未知,None
马蜂窝用户,女,柳州
行走中的janet,女,广州
样儿,男,南阳
YGXPY,男,桂林
None,未知,None
翔🏸,男,广州
Cindy,女,惠州
None,未知,None
狗尾草,男,桂林
MF,男,东莞
犇牛🐮,男,苏州
冯晓晖,男,海口
大脸猫🐱,女,益阳
晨曦,男,深圳
None,未知,None
思思小姐姐,女,成都
犇牛🐮,男,苏州
rainy,女,广州
孤空念,男,桂林
葱花先生,男,中山
西余小月半,女,广东
曾雅琴,女,桂林
mozzis～～,女,佛山
Leah,女,彭水
一叶秋,女,东莞
艾若闹,男,深圳
南飞的燕,女,深圳
筱心,女,南京
筱心,女,南京
筱心,女,南京
None,未知,None
马蜂窝用户,男,None
None,未知,None
高冷的吴少爷😝,男,爱尔巴桑
🐼🐼🐼,男,None
赵小冰丶,女,石家庄
Present.,男,肇庆
None,未知,None
xian,男,广州
喜月,女,成都
灰灰和桃桃,女,成都
rosehua,女,广州
tacoHE,女,韶关
rosehua,女,广州
rosehua,女,广州
sally,女,厦门
薇梧儿薰,女,深圳
薇梧儿薰,女,深圳
薇梧儿薰,女,深圳
薇梧儿薰,女,深圳
薇梧儿薰,女,深圳
薇梧儿薰,女,深圳
薇梧儿薰,女,深圳
TracyBB,女,广州
灰灰和桃桃,女,成都
吃出一片天,女,None
花暗暗,女,广州
旅飞侠,女,佛山
阿怪,女,成都
rover,男,None
青柠橘子冰,女,None
哥行天下,男,海口
G龚晨👧,女,娄底
阿呆,女,深圳
历历在目,女,成都
yunhulove,女,深圳
rover,男,None
。,男,广州
彤小彤,女,东莞
NINI之森,女,None
真的吗,男,北京
TRaCyLi,女,沈阳
杨全超,男,深圳
None,未知,深圳
陈鹏凌,男,武汉
一碗白粥,女,上海
HEP＊374℃,男,中山
芒果旅行日记,女,广州
古月湖,女,None
丈量大地,男,新乡
丈量大地,男,新乡
墨茗棋妙,女,苏州
蚂蜂窝用户,女,None
喜欢旅游的芬芬,女,珠海
海花💞,女,广州
None,未知,None
None,未知,None
马蜂窝用户,男,佛山
Susan小辣椒💋,女,长沙
行走的世界,男,桂林
侠客,女,西安
夏小鱼,女,济南
巧克力男孩的亲妈,女,厦门
Leah,女,彭水
我爱秋天,男,四川德阳
倩,女,清远
love666,男,芜湖
阿杜,男,佛山
雅荔,女,深圳
大王叫我来巡山,男,哈尔滨
Red🐰,女,广州
四叶草,女,None
弦途免酱,女,广东
到处流浪的赵小姐,女,北京
银公子,女,香港
明在旅途,男,深圳
None,未知,None
QueenB,女,江门
梦飞翔,男,深圳
假装与你错过,女,南京
None,未知,None
银公子,女,香港
None,未知,None
崔鹏程18,男,合肥
Jessie18,女,贵阳
斜阳下的绿叶,女,广州
None,未知,上海
甄小宇,女,中山
45,男,厦门
Cc,女,重庆
浅若清风,女,深圳
我就是那条🐟,女,广州
小孩很忙,女,重庆
鱼鱼,女,天津
喝完再减肥,女,上海
随遇.渝州忆,男,重庆
返璞归贞,女,None
快乐,女,北京
银公子,女,香港
璐璐修,女,成都
银公子,女,香港
Sonie,女,广州
linkway,男,上海
☆H~X~L☆,女,兰州
聆励,女,肇庆
萌萌林7,女,厦门
缅茨沐,女,长宁区
_WEN,女,清远
若水,女,上海
琪琪同学,女,佛山
David,男,兴化
爱旅行的jacky,男,清远
winnie,女,台北
winnie,女,台北
阿暖,女,长沙
罗罗,男,哈尔滨
桃囍,女,南通
一米阳光,女,张家口
小蜗牛同学啦啦啦,女,None
Sybel,女,广州
曾,男,None
宇米,女,北京
海如*吉祥摄影,男,成都
海如*吉祥摄影,男,成都
溯行者,女,深圳
慕容十八剑,男,朝阳
慕容十八剑,男,朝阳
你-我-他,女,广州
一只鹿,女,北京
None,未知,None
狸花花,女,广西南宁
枯野蕉,女,重庆
汪漪婷,女,杭州
西次卡83,女,香港
Xmxxmx,女,长沙
开心菜菜,女,广州
None,未知,广州
土豆,女,None
马蜂窝用户,女,佛山
vivi,女,郴州
旅游梦想家,女,南宁
雨轩,女,鞍山
gongshizhen,女,上海
drizzle,男,广州
风月酌酒,女,达喀尔
None,未知,None
佳与景,女,北京
我还想在倔一会,男,东莞
None,未知,None
小虎,男,佛山
孤独的旅行者,男,九江
Keith,男,南区
Aliwada,女,长春
球球,男,广州
max,女,大连
鹤在飞,男,沈阳
温大冰,女,汕头
None,未知,None
刘丽梅,女,河源
Doris,女,南宁
新莫,男,None
None,未知,None
夜陆生,女,None
海螺🐚,女,None
后傻,男,None
zach2199,男,厦门
None,未知,None
Binks'wine,女,广州
吃饭旅行走走停停,女,None
吃饭旅行走走停停,女,None
新莫,男,None
叶晓雪,女,广州
邓邓,女,北京
None,未知,广州
婉婉,女,北京
大声洪,男,澳门
漫悠旅行,女,北京
我是你的优乐美,女,None
松子儿,女,哥本哈根
何塘月色,女,东城
周末情侣💑,女,广州
None,未知,None
夏花づ,女,大连
ziyiyang,女,德国
晓玉,女,None
None,未知,None
SunPP,女,柳州
林先生有情绪,男,朝阳
None,未知,None
ღ雨後,女,佛山
笑魇如花＊,女,武汉
胖头猫猫,男,重庆
None,未知,None
HelenZhang,女,北京
万水千山走遍,女,成都
Tszsam,女,广州
茉莉酱,女,广州
RuRu,女,广州
None,未知,None
None,未知,None
独钓寒江雪,男,合肥
K,女,香港
唯你婷留,女,广州
一条贪靓的墨鱼,女,东莞
独钓寒江雪,男,合肥
None,未知,None
Sayme,女,广元
喵思_花衣,女,广州
喵喵喵🐱,女,东莞
一支筐筐,女,None
None,未知,None
None,未知,苏州
None,未知,None
hellen,女,深圳
艾茉,女,临沂
艾茉,女,临沂
六杖光牢,男,广州
行走的大花,女,None
张右明,男,北京
redant,男,深圳
马蜂窝用户,女,揭阳
席湘儿,女,重庆
二狗,女,澳门
北冥有鱼,男,汕头
E糖醋排骨,女,东莞
小小,女,咸宁
老孙,男,杭州
~「Ch^erish」,女,None
香子,女,None
None,未知,None
ii_tt,女,北京
杉帆,女,广州
🌙,女,None
Hazel笛子,女,成都
里街灰,女,江门
小包,女,博尔塔拉
墨彦墨渝,男,厦门
None,未知,None
一只有理想的肥鹤,女,广州
nanfang53,女,南通
None,未知,肇庆
Hoooo,女,厦门
None,未知,None
习惯,男,武汉
白捡,男,柳州
Hestia,女,深圳
简单,男,红河
Hestia,女,深圳
JasonYang,男,None
木木诗和远方,女,桂林
🍇嘉应子Kelly,女,中山
小火炉,女,太原
九寸日光🍀,女,上海
淘气天使2010,女,唐山
丽芳刘,女,None
linda,女,宁波
seven,男,None
None,未知,None
春树鹂鸣,男,北京
Keith,男,南区
Keith,男,南区
None,未知,武汉
pan,女,广州
九寸日光🍀,女,上海
Daniel,男,广州
苏,女,无锡
绝版超人MD,男,广州
lunena,女,None
None,未知,洛阳
Charles远仁,男,厦门
善良酱,女,其他
小麦,女,自贡
serena,女,桂林
qt333,女,深圳
潜水的鱼不吐泡,男,长沙
白捡,男,柳州
None,未知,None
大山的孩子,男,北京
失眠C君,女,重庆
马蜂窝用户,女,成都
程晨,女,深圳
None,未知,None
Lorry,男,深圳
Lupita,女,深圳
落榜进士,男,河北石家庄
漫悠旅行,女,北京
柚子,女,None
火星女,女,桂林
燃燃的大撞,女,成都
不羁的疯子,男,None
nika,女,广州
reta,女,深圳
None,未知,None
、暮雪故人心,男,深圳
None,未知,广州
None,未知,None
马蜂窝用户,女,珠海
火星女,女,桂林
布偶吃糖,女,湘潭
Joyce芊度°,女,东莞
None,未知,None
None,未知,哈尔滨
CCHLY,女,广州
None,未知,None
None,未知,None
None,未知,None
BlingBling～,女,None
None,未知,None
海琳的马蜂窝主页,女,广州
桀伯,男,广州
七七,女,江西
火星女,女,桂林
宋璟,女,杭州
jayhuang,女,汕头
None,未知,None
✈️夜行,女,济南
None,未知,None
布稀饭泥,女,黄浦区
None,未知,None
小惠子💋,女,深圳
None,未知,None
扶郎语醉,女,贵阳
None,未知,None
.wenny,女,东莞
None,未知,南宁
坚持。,女,青岛
Girgo,女,江门
Lola,女,九龙坡
德阳小宝,男,德阳
None,未知,广州
沙果果,女,珠海
姜糖,女,北京
感觉有些鱼,女,佛山
狐步凌风,男,哈尔滨
yeyeye2000🍀,男,桂林
MASQUERADE,男,杭州
yeyeye2000🍀,男,桂林
None,未知,None
yeyeye2000🍀,男,桂林
落落,男,广州
接地气,男,广州
马蜂窝用户,女,上海
芙蕖细细香,女,None
乌托邦-yvonne萍,女,西安
Ariel👸🏻,女,广州
shamus,男,深圳
刘蕴熙,男,西安
黎黎,女,None
羊羊,女,佛山
阿城,男,广州
♛姚♛,女,东莞
None,未知,北京
None,未知,None
匆匆,男,桂林
Ivy,女,深圳
刘强,男,韶关
月立,女,博罗
PDMM,女,广州
孤独的守望,男,广州
Dragon大龙儿,男,杭州
关66在旅途,女,石家庄
None,未知,None
None,未知,None
畅游,男,广州
None,未知,首尔
Julie,女,江门
淼淼,女,桂林
山海于我,男,丽江
沙漠风暴,男,成都
客家小妞去旅行,女,上海
袁,男,梅州
淼淼,女,桂林
慢慢懂,女,广州
None,未知,佛山
None,未知,None
lisa,女,广东
柚子糖糖,女,东莞
子非鱼🐠,女,博尔塔拉
CD坤哥,男,None
阿飞文集,男,珠海
None,未知,桂林
柠檬不萌,女,Abbotsford
客家小妞去旅行,女,上海
123菇凉,女,茂名
小悠（Ann）,女,桂林阳朔
呀露霜,女,南京
左左,女,广州
般若心lala,女,长沙
楠木森林,女,None
青团,女,苏州
好朋友,女,深圳
Aileen,女,None
DYH,男,郑州
00,女,东莞
🍉如人饮水，冷暖自知。,女,邵阳
None,未知,None
四四,女,郑州
醉闻晚风,男,苏州
jlwen7911,女,香港
岩麻九,女,深圳
小悠（Ann）,女,桂林阳朔
懒羊羊,女,上海
小悠（Ann）,女,桂林阳朔
🐳老鱼,男,兰州
小悠（Ann）,女,桂林阳朔
阿彭,男,上海
🐳老鱼,男,兰州
马蜂窝用户,男,桂林
眯眯眼,男,阿克苏
🐳老鱼,男,兰州
AwfullyTiffany,女,广州
王明芳,男,广州
None,未知,None
简♡言,女,佛山
大吃懒美食民宿,男,阳朔
🐳老鱼,男,兰州
None,未知,北京
王明芳,男,广州
🐳老鱼,男,兰州
阿.梅,女,西宁
竹新,男,深圳
金花银花,女,广州
None,未知,None
温雯燕(Linda),女,None
🐳老鱼,男,兰州
yuanmoy,男,乐山
UNCLE,男,中山
UNCLE,男,中山
UNCLE,男,中山
🐳老鱼,男,兰州
None,未知,广州
招财,女,深圳
None,未知,None
🎀berly😳,女,成都
Miss陳💓,女,广州
UNCLE,男,中山
🐳老鱼,男,兰州
UNCLE,男,中山
UNCLE,男,中山
钢琴之海,女,哈尔滨
UNCLE,男,中山
🐳老鱼,男,兰州
None,未知,桂林
UNCLE,男,中山
UNCLE,男,中山
夏,女,乌鲁木齐
None,未知,None
UNCLE,男,中山
🐳老鱼,男,兰州
UNCLE,男,中山
刘宗葵-Allan,男,深圳
None,未知,深圳
🐳老鱼,男,兰州
刘爱兵,女,西城
邻居女屌丝,男,金华
海如,女,长沙
🐳老鱼,男,兰州
Habbie,女,None
🐳老鱼,男,兰州
🐳老鱼,男,兰州
张航,男,宁德
小嘻嘻,女,上海
None,未知,None
西米露,女,南京
🐳老鱼,男,兰州
None,未知,None
细雨池塘遍,女,广州
马蜂窝用户乐乐,女,北京
超级无敌嘉嘉怡,女,东莞
jlwen7911,女,香港
🐳老鱼,男,兰州
Ada,女,东莞
Reky嘉嘉,女,深圳
🐳老鱼,男,兰州
欧了欧了,女,佛山
None,未知,None
🐳老鱼,男,兰州
歪,女,惠州
朗月,女,深圳
Cathy❤,女,合肥
🐳老鱼,男,兰州
河水清清,男,北京
🐳老鱼,男,兰州
None,未知,None
None,未知,None
🐳老鱼,男,兰州
None,未知,None
🐳老鱼,男,兰州
斌儿-私人号,女,桂林
姓劉名鸉,女,郴州
None,未知,None
Rachel,女,深圳
None,未知,None
呜啦啦岛,女,顺义区
哎呦喂,女,深圳
None,未知,None
Edisonchan,男,惠州
花生奶油果酱,女,佛山
婧丫头,女,广州
乐游生活志,男,None
蚊子,女,广州
哎呦喂,女,深圳
毛头,女,广州
None,未知,None
Nerissa*,女,None
None,未知,None
哎呦喂,女,深圳
尘言陌客,女,None
vivi慢生活,女,广州
None,未知,None
None,未知,重庆
Nice心瞳,女,广州
孤独的守望,男,广州
杨咩,女,广州
皓儿,女,吉林市
阿明,男,None
Oh~小宝环游记,女,广州
:)指南鱼:),男,广州
寻找他乡的美景,男,广州
阿笙哟w,女,南京
小妖,女,重庆
jlwen7911,女,香港
婉儿小小,女,长沙
拾故事的人,男,None
None,未知,None
None,未知,绍兴
yeyeye2000🍀,男,桂林
一个人De旅行,女,朝阳
你是我愚蠢的一次浪漫,女,None
心灵,女,上海
None,未知,广州
星秋葉,男,广州
Laura,女,江门
一个人De旅行,女,朝阳
一个人De旅行,女,朝阳
新年正当红,男,邵阳
xiaorongsu,女,天津
星空,女,None
刘志涛,男,南昌
None,未知,None
新莫,男,None
羊咩咩,女,广州
李二姬,女,贵阳
None,未知,None
南栀倾寒,女,株洲
香如故,女,连云港
愛吉賽儿,女,广州
易安,女,广州
融家小糖,女,桂林
None,未知,无锡
晓丹,女,沈阳
、微笑向暖，安之若素つ,女,重庆
游乐乾,女,哈尔滨
晓丹,女,沈阳
陈小草,女,牡丹江
lanjack7,男,烟台
会跳的猫猫,女,桂林
蜗小牛,女,张家口
进兴,男,佛山
蕉蕉,女,深圳
所谓理想,男,南宁
whwhwh,女,长沙
南方先森.,男,台湾
春晓,女,湖南
None,未知,None
Jecy,女,香港
力古朱😝,女,东莞
Fnrsunny,男,广州长隆旅游度假区
leeki㎡,男,广州
None,未知,杭州
Nobita_Ng,男,广州
我的酒馆不打烊,女,广州
She&me,男,云浮
氯youyou,男,None
悠游,女,桂林
None,未知,广州
狗咬狗,女,绍兴
。。,男,None
zhengyidavid,男,上海
都末末,女,广州
宝哥,女,None
Eatingfun,女,北京
None,未知,深圳
七槿,女,广州
离亭燕,女,广州
鹿星人,男,None
愤怒的沼泽鱼,女,广州
Tina,女,成都
SampsonPan,男,佛山
超级熊大力,女,重庆
Mr·劉,男,清远
SummerLu,女,香港
None,未知,None
zhengyidavid,男,上海
Icy,女,梅州
李家小妞✨,女,None
火火ia,女,广州
秋秋Nancy99,女,青岛
None,未知,深圳
楚云飞QQ,男,None
御风而行,男,长沙
张艺,男,娄底
None,未知,肇庆
queenbaby,女,广州
小歡哥,男,广州
闲人,男,深圳
漫江层林,女,武汉
SUMMER_L,女,广州
None,未知,上海
None,未知,上海
小c,女,汕头
世界和平,男,广州
KKina😬,女,深圳
旅游·美食头条,男,西安
hen傻hen天真,女,None
聆听,男,蚌埠
wings,女,广州
未来的soul,男,None
山丘,男,广东
Seven三角龙,男,东莞
听说,女,广州
奋斗中的胖纸,女,杭州
王小倩倩倩,女,广州
奋斗中的胖纸,女,杭州
马蜂窝用户,女,广东
u.f.l,女,曲靖
饮水思源,男,广州
UHA8.2悠哈,女,南京
草草西西,女,北京
马蜂窝用户,女,桂林
奋斗中的胖纸,女,杭州
羅前斌,男,北京
村里亮晶晶,女,沈阳
在路上的海星,女,湛江
心新欣,女,万州
Refur,男,宁波
Miss.刁小蛮,女,桂林
一个大心宝,女,重庆
風,男,永州
刘钰婷Rachel,女,广州
winnie时光,女,北京
None,未知,None
沈雪婷SHEN,女,深圳
狗尾草,男,桂林
一只野生的肖恩,女,None
雪莉,女,佛山
None,未知,成都
梦梦,女,重庆
红衣,女,桂林
宽哥哥,女,天津
随心随意,女,None
一帘幽梦,女,苏州
青柠,女,山东
None,未知,None
沐子酱,女,赣州
犇犇,女,镇江
高波,女,哈尔滨
None,未知,None
遥遥,女,佛山
﹉周、公子,女,绵阳
瓜子妹儿。,女,菏泽
行云流水,女,桂林
X_waii,女,贵阳
马蜂窝用户路漫漫,男,南京
李耳Li---Mingx,男,西安
木子,女,六盘水
tantan,女,海口
None,未知,None
Céline,女,武汉
None,未知,None
None,未知,None
None,未知,None
rainbow,女,长沙
None,未知,None
None,未知,None
莫晚悠悠,女,广东
我脚丫子会夹人,女,None
凝结、那段爱,男,江北
None,未知,None
None,未知,None
Lemon赵少,男,闵行区
None,未知,None
逸岭之上,男,成都
P.D.Ra,男,闸北
None,未知,None
None,未知,None
None,未知,None
THESOUTHFACE,女,贺州
咫尺天涯,女,成都
游历中的小源,男,广州
wenson_温宁,男,徐汇区
困的橙子,女,深圳
None,未知,None
拾贰,男,佛山
莫晚悠悠,女,广东
南家小生,男,渝北区
马蜂窝用户,女,None
远山的呼唤,男,深圳
darkangel,女,深圳
青松,男,广州
T.Tina,女,广州
None,未知,None
tabyha,女,广州
米若,女,杭州
None,未知,None
Jia佳囡囡,女,深圳
是琦琦不是七七丫,女,None
藐菇射之南,女,广州
丢失的饭卡,男,黎平
嘻哈人生,男,广州
钢铁乃乃~,女,衡阳
None,未知,苏州
mango,女,东莞
不爱笑的乖乖,女,衡阳
晨意,男,惠州
络,女,广州
阿甜,女,柳州
None,未知,广州
潘Vis,男,广州
岩依,女,汕尾
Miss__whisper,女,香港
ygtq,女,广西
午后窗台的猫,女,河北
随风,男,泉州
槑槑,男,None
午后窗台的猫,女,河北
Nathan,男,广东
奇迹的山,男,None
Niko.俊爺,女,上海
傑、,男,None
优优,女,上海
duoooooooo,女,None
bing,男,广州
Richard_Wan_,男,深圳
善贝,女,漳州
Miles-ming,男,湛江
yeyeye2000🍀,男,桂林
祥江,男,深圳
None,未知,None
None,未知,珲春
None,未知,None
None,未知,None
禅心司马,女,乌鲁木齐
暗辰,男,芜湖
逸鑫xin,女,沈阳
米糖妈蜜,女,深圳
睡醒以后,男,广州
None,未知,None
阿曼,女,None
None,未知,广州
逸鑫xin,女,沈阳
玩石,男,赤峰
Yoghourt.,女,福州
暴走小麦,女,广州
None,未知,广州
None,未知,扬州
Vickie吕洁,女,深圳
Soda,男,九龙城区
CHEN,女,南宁
仔子枫,男,广州
张黄,女,重庆
None,未知,None
马蜂窝用户,女,None
倾听,男,营口
None,未知,None
张小盒,男,杭州
Echo林,女,佛山
遇见幸运,男,合肥
小太阳,女,沈阳
Brot,女,广州
S,女,香港
小太阳,女,沈阳
二小姐,女,广东
行走人间的游者,男,广州
燕午,女,杭州
小娱余,女,沈阳
甜辣酱,女,厦门
碧海银沙,男,武汉
茄子~~~,女,广州
周沫,女,杭州
Brot,女,广州
Sonny,男,香港
None,未知,None
二小姐,女,广东
逸翮,男,茂名
Maybe🐒,男,None
青墨,女,None
来宾互联,男,深圳
不死老鬼,男,乌鲁木齐
不死老鬼,男,乌鲁木齐
骄傲的泡,女,河源
燕Mai,女,肇庆
忆江南,女,抚顺
哈哈琳儿,女,珠海
tracy,女,宁波
啊星-旅行体验师,男,广州
☆水之影☆,女,西城
暖心人╰,女,南京
None,未知,None
None,未知,None
期待与你走过,男,肇庆
侨,女,江门
一只猫,女,None
曙频悟,女,南宁
皮皮和卡卡,女,广州
悠悠晚风,女,深圳
单二妹子,男,广州
本少女的环球美梦,女,北京
七月,女,成都
蓝莲花,男,长沙
微世界没有love,男,长沙
飞龙,男,滨州
None,未知,None
巷孓梩dê喵,女,东莞
None,未知,None
None,未知,None
在路上,男,深圳
None,未知,None
甩手掌柜,男,台州
桂林当地人,男,桂林
音旅书韵,男,西安
音旅书韵,男,西安
Cecilia,女,桂林
音旅书韵,男,西安
悠悠歌声～,女,福州
颖(德利),男,揭阳
孤独的旅行者,男,深圳
TOM,男,广州
康大帅,男,广州
任柯,男,北京
小姑,女,广州
小光是太阳,男,哈尔滨
None,未知,None
卡路里,女,None
不知道啊,女,石家庄
卡路里,女,None
马蜂窝用户,女,None
熊本熊,女,佛山
匆匆,女,河北
匆匆,女,河北
None,未知,None
None,未知,None
liu-yu-ting,男,湛江
苏大娇,女,None
twitter,男,桂林
红桃小六哥,男,北京
vera-world,女,北京
红桃小六哥,男,北京
小蕭,男,成都
红桃小六哥,男,北京
太阳照常升起,男,菏泽
捣蛋熊是小农民,女,大连
红桃小六哥,男,北京
Leo_雷子,男,朝阳区
红桃小六哥,男,北京
Tiramisu珠,女,广州
MissWan,女,深圳
🍃…………🍃,女,None
彬彬有礼,男,哈尔滨
彬彬有礼,男,哈尔滨
None,未知,南宁
None,未知,南昌
沐阳樟,男,赣州
唐风汉月,男,None
小何,女,None
None,未知,广州
栖枝,女,None
行路翻肇庆,女,广州
易水寒城,男,唐山
周琦-_-,女,英德
None,未知,None
Tonysugar,男,巴厘岛
马蜂窝用户,男,桂林
柒月,男,重庆
Tonysugar,男,巴厘岛
Tonysugar,男,巴厘岛
Tonysugar,男,巴厘岛
Tonysugar,男,巴厘岛
None,未知,None
二又,女,广州
Cheney,女,氹仔
雨燕,女,佛山
扬,男,厦门
苹果哒,女,None
samkwong,男,开平
Tonysugar,男,巴厘岛
张渝,女,重庆
smallapple,女,南京
文小文,女,沈阳
张渝,女,重庆
None,未知,None
yeyeye2000🍀,男,桂林
团团鱼,女,重庆
邦,男,衡阳
一路随行,男,成都
任姐,女,广东
00,女,台州
小凯公主,女,柳州
王丽娜,女,六盘水
王丽娜,女,六盘水
任姐,女,广东
一路随行,男,成都
yang(world),男,台北
yang(world),男,台北
一米阳光在娜里,女,东莞
Jolene_cyinger,女,None
jessie,女,长春
陈激动,女,None
睿雪,男,包头
yang(world),男,台北
胖纸蓝,女,None
反弹琵琶,男,南通
漪洲,男,重庆
绵粑粑😂,女,安顺
yang(world),男,台北
蝉女.,女,江津
环球小天使👼,女,广州
^O^杏,女,None
yang(world),男,台北
yang(world),男,台北
keep,男,伊春
飘雪,女,成都
知己客栈,男,广州
None,未知,None
大瑶,女,None
蜗牛,男,广州
轻染、,女,广州
清白,女,None
遗忘的日落黄昏,女,广东
卢俊义,男,佛山
☆_y!の,女,None
Fayina,女,南昌
虎啸云海,男,长沙
Ariel,女,武汉
YANG,女,深圳
楠男自语,女,石家庄
平凡的企鹅🐧,男,广州
Mercy,男,上海
夏目_一个温暖的姓氏,女,佛山
小钱包,女,None
小钱包,女,None
小钱包,女,None
绿箩十二,女,桂林
小小郑,女,广州
一朵云而已,女,三亚
butbeautiful0917,女,广州
None,未知,深圳
Mercy,男,上海
洋光摄客,男,广州
None,未知,None
实在想不出取啥名,女,None
Alan,男,宝山
马蜂窝用户,女,杭州
虎啸云海,男,长沙
W.E,男,None
试睡员漫小蔓,女,上海
None,未知,布里斯班
淡淡的,男,古田
Aimee的后花园,女,广州
耳东陈sunshine,女,佛山
爱若成风,男,绥中
mayday,男,杭州
心在胃上,女,东莞
Maggie,女,温哥华
youyou,女,深圳
None,未知,None
我最爱的可爱多,女,None
高飞,男,杭州
