阳阳,女,杭州
夜猫,男,None
Silence,女,北京
黑骏马,男,上海
宋家铎,男,大连
黑骏马,男,上海
None,未知,None
黑骏马,男,上海
戀ヂ縵＆記∮,女,福州
独钓寒江雪,男,合肥
桓小豆,女,浦东新区
牵只蜗牛,女,上海
黑骏马,男,上海
黑骏马,男,上海
黑骏马,男,上海
愿风裁尘,女,海宁
None,未知,None
dw_wzx,女,青岛
石景山,男,北京
紫嫣马蜂窝用户,女,北京
Christina,女,上海
厌学同学,女,东京
一夢如是,女,宝山
马蜂窝用户,男,杭州
深岚瑟,女,大连
夏日冰啤,男,常熟
None,未知,上海
就是桃子酱,女,广州
Yuki的旅途,女,杭州
雪孩子N42,女,美国
you酱🍀,女,上海
无境之心,男,南京
zyyw0130,女,成都
一粟,女,成都
莞尔怡笑,女,上海
kia,女,威海
Cassiel,女,上海
爱旅行的小童,女,None
Crystal墨,女,None
None,未知,None
浅忆,男,江苏
咖喱,男,合肥
陳小魰,女,上海
danaqiao,女,上海
沧桑一龙,男,天津
沧桑一龙,男,天津
沧桑一龙,男,天津
座右之器,男,和平区
奇大牙,女,济南
None,未知,武汉
马蜂窝用户,男,None
天璇银河,男,上海
炜哥,男,上海
Ferriswhe,女,天津
淡如水,女,南平
马蜂窝用户,女,静安
大大泡泡糖,女,深圳
木葉思林,女,上海
Piers,男,上海
None,未知,None
加菲游游,女,海安
小情绪,男,无锡
G弦上的咏叹调,男,扬州
日月星晨,男,宁波
None,未知,None
zang,女,南岸
微风,女,厦门
很酷的昵称,男,None
花雨满天,女,北京
caroline_sunshine,女,南通
每文,女,福州
马蜂窝用户,女,南京
中意猪~zZ,女,青浦
None,未知,None
添喜lucklily,女,杭州
郝地瓜Cynthia,女,上海
None,未知,None
凭栏闲看雨落青荷,女,None
马蜂窝用户,女,西安
熊小姗,女,厦门
简单的仙儿,女,郑州
livingmail,女,苏州
坦蕩真誠,女,北京
None,未知,None
None,未知,None
So丶,男,苏州
不散,男,苏州
孤独的旅行者,男,九江
桑桑,女,南京
张福生,男,廊坊
None,未知,None
转山的贝壳,男,珠海
male109,男,尼日利亚
尘君,女,镇江
Oo柠檬oO,女,北京
None,未知,成都
None,未知,None
贝贝·丁,女,杭州
囡囡,女,上海
婷婷-旅行体验师,女,肇庆
慧心之悟,女,海淀区
子墨。。。,女,杭州
ㄣ秋,女,None
上·书院教育MissZ,女,金华
None,未知,None
草原牧民,男,大兴
小米罐,女,长春
Abby,女,福州
梦小寻,女,京都
顺其自然吧,男,沈阳
None,未知,None
汤圆圆,女,None
None,未知,None
一米阳光闪闪亮,女,None
紫影,女,None
evan,男,上海
ddd.,女,温州
乐在旅途,女,长春
打回原形,男,上海
Jerry,男,杭州
None,未知,None
None,未知,None
漫网轻语,男,保定
行走的星星🌟,女,安徽
鳳,男,马来西亚
chemy,女,福州
None,未知,None
♡火禾♡,女,常州
None,未知,None
戰神1番,男,苏州
随意,女,天津
马蜂窝用户,女,杭州
水儿,女,洛阳
yisa,女,南京
晴天娃娃,女,兰州
王小星,女,嘉兴
山徊路转,女,北京
临风看雪,女,镇江
Shirley呀,女,杭州
None,未知,苏州
None,未知,None
白云熊胆丸,女,芜湖
山大王,男,西安
拉尼娜,女,北京
Leo-舞洁,女,西安
浅浅,女,南京
Nancy,女,朝阳
梦想环游世界的人,女,南京
马蜂窝用户,女,深圳
不多,女,乌鲁木齐
None,未知,None
明德,男,None
波波糖,男,南宁
波波糖,男,南宁
波波糖,男,南宁
波波糖,男,南宁
波波糖,男,南宁
冉冉,女,上海
小星星呀,女,南京
琉璃阳光,男,北京
李贝留斯,男,郑州
小妖精👿,女,保定
琉璃阳光,男,北京
琉璃阳光,男,北京
望月,女,贵阳
秋野樱,女,杭州
None,未知,香港
CC大卷卷,女,武汉
小豌豆23,男,上海
None,未知,None
冲鸭！小书书,女,上海
勾践,男,东城
悠悠寸心草,女,大连
None,未知,上海
Dicky,男,南宁
None,未知,None
wings,女,广州
秀的窝窝,女,辽宁
海豚依诺,女,扬州
小花蹄走世界,男,济南
Vio,女,上海
Mika,女,深圳
陌生人22222222,男,北京
心无缺,男,徐汇
None,未知,None
liyongan,男,上海
若你碰到ta,男,义乌
None,未知,None
胡萝卜超甜,女,上海
leiyinghaolao,男,武汉
王宇,男,浦东新区
开妈BGM,女,常州
咲勤劳又勇敢,女,南京
小鱼叛逃记,女,杭州
樱子,女,上海
濮老师,男,天津
旅行摄影师,男,潍坊
yula,女,北京
苏缇拉米,女,杭州
wind,女,成都
张明君,男,忻州
笑笑,女,天津
ilovevitaminec,女,上海
囍妹,女,上海
None,未知,None
阿呆,男,营口
王先森,男,南京
桃潛,男,杭州
sumig,男,杭州
None,未知,None
六里,女,合肥
风行者👊迪哥,男,黄山
礼拜六,女,上海
聼聼,女,上海
None,未知,None
玖里x,女,厦门
Erin_瑶,女,北京
13岁de流浪猫～～,女,合肥
Tina夏小夏,女,深圳
张大胆,女,丽水
None,未知,宁波
TaiChiMaster,男,绍兴
一墨จุ๊บ,男,None
佚名君,男,杭州
JOKER,男,成都
Echo,女,上海
五彩斑斓的黑,男,上海
海T,男,北京
望北,男,杭州
None,未知,杭州
None,未知,None
㎡ing，🌧,男,湖州
土耳其的芒果人,女,福州
胡迪,男,无锡
向量,男,北京
Jin小金鱼,女,北京
小糖豆,男,上海
不吃草的羊,女,海南
妖夜猫,男,None
老子隐姓埋名,女,广州
东风,男,南京
柚子呀、,女,温州
shjanezhang,女,上海
withme,女,渝北
咸肉菜饭,女,南京
暮夏,女,昆明
斌,男,天津
幸福像花儿一样,女,昆山
韩长生,男,大连
一口浓痰嚼不烂,女,苏州
击浪飞歌,男,宜昌
击浪飞歌,男,宜昌
Zoe赵梨汁♛,女,上海
lucky廷,男,杭州
None,未知,郑州
笨笨熊,男,大连
None,未知,上海
亚君YANG,女,None
None,未知,None
青青侠客,女,北京
June,女,None
Mozart,男,兰州
十二,女,合肥
Cecilia,女,南京
Vanessa,女,北京
圣诞森林,女,天津
cappuccino,女,沈阳
coco,女,杭州
