wzc428,男,无锡
fefe.wang,男,无锡
剪刀,男,None
noddle。,女,连云港
小晶秘PR,女,武汉
A龙吟坊弈竹棋院张老师,女,镇江
张萍,女,南京
蘑菇*~*琦,女,无锡
小刘-1968,男,无锡
大汤圆和小太阳,女,None
None,未知,None
summer爱旅行,女,广州
落寞回忆0623,男,泰州
None,未知,深圳
清风弄影,男,无锡
大太后的拉尔夫,男,上海
茉莉红茶,女,None
小刘-1968,男,无锡
~破晓~,男,南通
随意,男,None
Tiffany💃채연あかリ,女,宁波
玥,女,上海
楚雁,男,上海
樊凯凯凯子,男,福州
Drizzle细雨,女,温州
小刘-1968,男,无锡
蓝先生随行记,男,常州
Tiffany💃채연あかリ,女,宁波
han_zj肇俊,男,无锡
马蜂窝用户,男,长宁
我在玄妙观东,男,苏州
望秋叹,男,扬州
羊阳,女,上海
习小远的视界,男,杭州
小刘-1968,男,无锡
马蜂窝用户,男,温州
han_zj肇俊,男,无锡
拿相机的尤,女,成都
han_zj肇俊,男,无锡
小刘-1968,男,无锡
Mislay,女,阿德拉尔
A.Mirror💜,女,上海
小刘-1968,男,无锡
偷得浮生半日闲,女,中国
蝶粉轻沾飞絮雪,女,保定
None,未知,None
玥,女,上海
自游自在,男,西城
严姐,女,和平
独孤求肥,男,保定
独孤求肥,男,保定
小刘-1968,男,无锡
小刘-1968,男,无锡
小刘-1968,男,无锡
爱攝的姐夫,男,南京
風影,男,None
None,未知,None
简单,女,None
贵族小猪妹,女,北京
小刘-1968,男,无锡
小刘-1968,男,无锡
None,未知,郑州
兰花花,女,无锡
小烧杯的舞鞋,女,苏州
樱花暗示,女,大方
巴黎爱琴海,女,无锡
None,未知,上海
火树公子,男,无锡
幽然茉莉,女,南京
艾拉拉旅行view,女,宁波
纪大华,男,上海
泰戈尔说,女,None
不断前行的蜗牛,男,吉林市
None,未知,None
儿子他娘,女,天津
大张,男,无锡
None,未知,青岛
小刘-1968,男,无锡
None,未知,None
菲儿,女,嘉定
None,未知,None
小刘-1968,男,无锡
小刘-1968,男,无锡
ym,女,None
小刘-1968,男,无锡
那个甜甜,女,河西
小刘-1968,男,无锡
None,未知,上海
None,未知,None
tracy,女,深圳
小刘-1968,男,无锡
柄芬🐊,男,石家庄
小刘-1968,男,无锡
None,未知,无锡
小刘-1968,男,无锡
小刘-1968,男,无锡
小小笨,女,墨尔本
zz,男,南京
小刘-1968,男,无锡
爱旅行的竹子,女,上海
快乐小隐,男,无锡
云波,女,浦东新区
美人瑜,女,大连
小刘-1968,男,无锡
疯哥看世界,男,天津
小刘-1968,男,无锡
風影,男,None
追溯,女,北京
星宇,女,杨浦
落日镕金,男,南京
MINI7LEE,男,北京
盈子,女,北京
袏堓,男,无锡
噼里啪啦来来,女,上海
海天润,男,南京
杨莎莎,女,上海
单奕臻,男,长宁
蚂蜂窝用户,男,内蒙古
晚来风,男,南昌
单奕臻,男,长宁
单奕臻,男,长宁
自律自由琪刘海儿,女,秦皇岛
无锡途徒户外,男,无锡
Yang,女,上海
大漠孤烟,男,无锡
飞哥,男,沈阳
吃货,女,北京
锐锐✪ω✪,女,None
None,未知,None
南海蛟龙,男,上海
None,未知,江苏
片羽时光🐾,女,南宁
hurryup,女,湖南
麦兜莹,女,广州
胡迪,男,无锡
好吃懒做加贪耍,男,潍坊
努力努力再努力x🍀,女,南京
爱好素描的工科女,女,无锡
好吃懒做加贪耍,男,潍坊
None,未知,上海
萌萌加油么么哒,女,苏州
好吃懒做加贪耍,男,潍坊
吼吼生命要继续,女,上海
梦幻星空,男,北京
None,未知,None
🐨懒懒,女,厦门
好吃懒做加贪耍,男,潍坊
好吃懒做加贪耍,男,潍坊
无锡途徒户外,男,无锡
George,男,广州
袏堓,男,无锡
None,未知,None
桃青🍑,女,闵行
奕扬43,女,苏州
BO,女,成都
小爱妮妮,女,None
小杨,男,上海
sosososofun,女,广州
背着女儿去旅行,男,保定
Lemon赵少,男,闵行区
袏堓,男,无锡
云淡蓝,女,None
开心紫兔,女,上海
风之七彩,女,无锡
leonie,女,沈阳
背着女儿去旅行,男,保定
南海蛟龙,男,上海
绿水青山,女,北京
None,未知,常州
None,未知,None
None,未知,合肥
alice梦游仙境,女,长宁
背着女儿去旅行,男,保定
楠熠人生,男,北京
小刘-1968,男,无锡
背着女儿去旅行,男,保定
lilith991桑桑,女,黄浦区
大瑞在旅行,男,山东
拍照狂魔,男,南京
None,未知,天津
久芭,女,鞍山
绿岛,男,葫芦岛
Amour,女,北京
SHAO,女,None
紫薇庆典杨哥,男,青州
归野buddy,男,上海
清风,男,无锡
英子,女,None
西东,男,苏州
Cherry,女,苏州
思考飞,女,None
冷月印记,男,南京
小刘-1968,男,无锡
JeffCheung,男,苏州
拍照狂魔,男,南京
崔伟波,女,上海
None,未知,None
爱喝奶茶的小胖,女,南京
Tiantian,女,上海
马蜂窝用户,女,沈阳
加国枫叶,女,上海
似水流年,女,郑州
宇文拓,男,上海
冷月印记,男,南京
花仙子,女,唐山
None,未知,None
Piers,男,上海
西东,男,苏州
None,未知,None
爱偷懒的巫仙,女,无锡
咖喱,男,合肥
None,未知,None
ElsaChoo,女,杭州
阡陌4262,女,上海
小刘-1968,男,无锡
费小荻,女,None
月半朵儿,女,上海
None,未知,青岛
丁啊_,女,杭州
风铃,女,大连
NF,男,朝阳
风铃,女,大连
风铃,女,大连
风铃,女,大连
风铃,女,大连
None,未知,None
扶风,男,马德里
A倦语,男,无锡
乐行,男,南京
小刘-1968,男,无锡
扶风,男,马德里
拍照狂魔,男,南京
晨曦禾穗,女,无锡
None,未知,None
yiyi,女,福州
拍照狂魔,男,南京
马蜂窝用户姐姐,女,无锡
璇宫主,女,汕头
在水一方,男,北京
钟鸣,男,安徽
源洁流清,女,重庆
天堂的敲门砖,男,成都
天堂的敲门砖,男,成都
钟鸣,男,安徽
一期一会,女,上海
勤之印,女,苏州
首席造梦师,男,舟山
我就是十三呀,女,南京
徒步追寻,女,北京
鬼,男,None
lovemy凤凰,女,杭州
None,未知,None
牛奶妹,女,广州
CardiffQ,男,东京迪士尼
None,未知,None
板桥糊涂人,男,宣城
王小帅马♊️,男,朝阳
钟鸣,男,安徽
DENG,女,上海
None,未知,Canberra
茵子_痴,女,北京
蓝田玉烟,女,重庆
优姬,女,亚特兰大
None,未知,新竹
许,女,无锡
许,女,无锡
小墨旅行视界,女,None
潜水的大猫熊,男,上海
唐伯虎,男,厦门
None,未知,None
君彩,女,上海
王幸运,女,上海
w,女,None
杨晓东,男,浦东新区
None,未知,St. Anthony
Maeda敦敦,女,上海
小刘-1968,男,无锡
老K,男,南京
番茄饲养员,女,杨浦
spring,男,姑苏
聂聂,女,滨州
Jerry,男,上海
小刘-1968,男,无锡
Hillary,女,上海
None,未知,上海
马蜂窝用户,女,None
卡哇伊,女,凯瓦连
唐勋,男,无锡
ENGEL,男,无锡
None,未知,None
天涯浪子,男,上海
云云,女,广州
炜哥,男,上海
鞋湿了,男,常州
lifeonfoot2005,男,上海
None,未知,镇江
炜哥,男,上海
小✨动力正无穷💪💪9,男,上海
炜哥,男,上海
Jennifer,女,澳大利亚
紫色偶然,女,辽宁
大大泡泡糖,女,深圳
高小胖-橙子妈,女,昌平区
紫幽文,女,上海
xinlangqs,女,北京
蚂蜂窝用户王老妖,男,绵阳
优姬,女,亚特兰大
紫色偶然,女,辽宁
紫色偶然,女,辽宁
梦想环游的aki,女,上海
紫色偶然,女,辽宁
开心紫兔,女,上海
小刘-1968,男,无锡
ai ma mi,女,通州
Sofia,女,江苏
袁毓生,男,上海
龙哥,男,沈阳
冒泡可乐,女,无锡
末夏的大熨斗,女,黄浦
开心紫兔,女,上海
优姬,女,亚特兰大
阿娇菇凉,女,南京
大王叫我来巡山,男,哈尔滨
我有大头(●—●),女,None
陌上花开,女,None
王自健｀,男,上海
Sissie,女,南京
迷途书童,男,日喀则
None,未知,广州
迷途书童,男,日喀则
🔝💋·elena,女,大连
老张,男,无锡
轻歌曼舞,女,北京
迷途书童,男,日喀则
落落小洛洛,女,济南
qimo1011,女,上海
不乖,女,新乡
开心紫兔,女,上海
晓卉,女,上海
None,未知,None
马蜂窝用户,女,闵行
男孩已老,男,天津
Lese,女,台州
小✨动力正无穷💪💪9,男,上海
None,未知,None
小刘-1968,男,无锡
None,未知,上海
None,未知,None
自由鸟,男,天津
None,未知,None
None,未知,None
樱桃气球,女,上海
浅樱沫雪,女,无锡
袁毓生,男,上海
佩佩,女,上海
always,女,南京
None,未知,None
我心飞翔,女,北京
→_→,男,上海
轻歌曼舞,女,深圳
小✨动力正无穷💪💪9,男,上海
alicefantasytrip,女,天津
Tian,女,闵行
小资美🦂️,女,长宁
异次元空间,男,阿坝
似水经年网能,男,济宁
浅樱沫雪,女,无锡
Chrysalis,女,None
Crystal_biubiu,女,南通
爱可以爱的人,男,苏州
楼台烟雨,男,蚌埠
Moon,女,None
None,未知,None
马蜂窝用户,女,南京
elleli,女,上海
大张,男,无锡
海鸥的翅膀,女,杭州
小刘-1968,男,无锡
mxjessie,女,上海
Lucy,女,None
吴言午,女,上海
八月人间,女,杭州
猜猜我是谁,女,上海
cici,女,None
None,未知,None
慢生活,男,北京
小刘-1968,男,无锡
🔝💋·elena,女,大连
宁夏,女,无锡
行者,男,南京
liubingxin07,男,天津
salarewo,女,南京
肉包打脸,女,无锡
Harvey_Xu,男,无锡
云知道,女,泉州
梧桐de语,男,迪拜
大力羊,女,上海
小刘-1968,男,无锡
小7,女,无锡
None,未知,无锡
赵思源,男,南京
蔚蓝,男,北京
明娟,女,None
__█Mrs丶笨小康,男,昆山
小刘-1968,男,无锡
玲珑,女,无锡
枯柴,男,安顺
小刘-1968,男,无锡
None,未知,None
Alba,女,None
处女座小尚她爸,男,上海
夏青,女,苏州
None,未知,成都
小刘-1968,男,无锡
一个人De旅行,女,朝阳
None,未知,无锡
None,未知,无锡
宸心宸意,女,上海
Sandy文姑娘,女,苏州
None,未知,无锡
None,未知,无锡
HansChen,男,无锡
面如桃花,女,无锡
None,未知,无锡
袏堓,男,无锡
灵动空间,女,沈阳
☂`殇逝.℃,女,大连
high在路上,男,辽源
一闪一闪亮京京🌟,女,None
带着哆啦游世界,女,上海
None,未知,无锡
enjoylife_wfm,男,北京
逗包子,女,无锡
树莓酱a在路上,女,None
Tracy,女,兰州
港澳友邦保险理财,男,澳门
带着哆啦游世界,女,上海
None,未知,None
None,未知,无锡
None,未知,无锡
None,未知,无锡
浩哥,男,南京
上海老牛,男,上海
浅笑,女,None
々—无聊←,男,上海
jean_zzz,女,北京
郑糊糊,女,浦东新区
None,未知,无锡
上海老牛,男,上海
None,未知,无锡
三生石,女,西宁
😘赵小姐,女,牡丹江
旅拍摄影,女,无锡
None,未知,无锡
None,未知,None
None,未知,无锡
蚂蜂窝用户,女,None
None,未知,无锡
旅拍摄影,女,无锡
未知,女,南京
liuzhuo,男,江苏
范凯蜜,女,湖州
fancytrip,女,北京
马蜂窝用户,女,大兴
不再孤独,男,None
音你不同,男,普陀
在路上看紫色风景,女,北京
音你不同,男,普陀
None,未知,无锡
None,未知,无锡
音你不同,男,普陀
幸好遇见你,女,常州
None,未知,无锡
None,未知,无锡
音你不同,男,普陀
刘贝贝,女,扬州
游泳教练,男,None
None,未知,无锡
jespere,男,无锡
None,未知,None
成成妹妹,女,None
荼蘼蘼,女,上海
饭饭,女,营口
虎皮猫小姐,女,深圳
齐鲁情未了,女,苏州
月,女,上海
熊~,男,上海
疏食客,男,苏州
唯一的小妮子2012,女,南京
小刘-1968,男,无锡
光脚,男,无锡
ranger,男,天津
None,未知,无锡
None,未知,太原
正广和,女,上海
Tracy,女,兰州
雪岭百合,女,广州
碧海银沙,男,武汉
None,未知,无锡
Bat,男,北京
旅拍摄影,女,无锡
JFY看世界,女,广州
None,未知,None
None,未知,无锡
babemoore,女,南京
Skyfeather,女,青岛
邻家小胖,男,上海
旅拍摄影,女,无锡
蒙蒙,男,无锡
大满,女,南京
None,未知,None
🔝💋·elena,女,大连
小小,女,重庆
欢乐的夏子曦,女,浙江
None,未知,None
None,未知,None
唯一的小妮子2012,女,南京
换悸,女,长春
旅拍摄影,女,无锡
和路雪,女,北京
丽子小姐姐,女,上海
丽子小姐姐,女,上海
None,未知,None
🔝💋·elena,女,大连
小刘-1968,男,无锡
旅拍摄影,女,无锡
吕霞客,男,上海
旅拍摄影,女,无锡
lisa,女,浦东新区
井小乔-,女,南京
月,女,杭州
吕霞客,男,上海
旅拍摄影,女,无锡
jean_zzz,女,北京
旅拍摄影,女,无锡
🦁,女,None
子熙工具！李伟,男,镇江
独孤求肥,男,保定
家有野人出没,女,上海
None,未知,无锡
嘟嘟侠,男,江都
旅拍摄影,女,无锡
None,未知,None
彬彬酱,女,无锡
小刘-1968,男,无锡
下个路口,男,烟台
旅拍摄影,女,无锡
70458126,女,上海
🍬杨糖糖🍬,女,哈尔滨
小刘-1968,男,无锡
旅拍摄影,女,无锡
马蜂窝用户,女,None
旅拍摄影,女,无锡
马蜂窝用户,男,None
dudunow,女,上海
小刘-1968,男,无锡
旅拍摄影,女,无锡
Mijee,女,上海
江南比尔,男,无锡
小刘-1968,男,无锡
旅拍摄影,女,无锡
带上沐宝去旅行,女,台州
看看这个大世界,男,温州
一休哥,男,北京
向日葵Luisa,女,南京
毛毛,男,石家庄
旅拍摄影,女,无锡
❥°木木~,女,沈阳
林荫大道,男,北京
盛夏晚风,男,南京
盛夏晚风,男,南京
小刘-1968,男,无锡
独孤小小沛,男,郑州
马蜂窝用户,男,None
小刘-1968,男,无锡
总有妖怪想要害朕,女,苏州
狗娃,男,渭南
李沐埜,女,None
sunny',女,上海
保温杯里的姜茶,女,南京
曲水流觞,男,泰州
咴,女,上海
湖畔朝阳,女,福州
铛了个铛,男,None
藿香正气,女,上海
小刘-1968,男,无锡
None,未知,南京
鸩羽,女,山东
狐狸糊涂,男,北京
丹寒,女,None
毛毛,女,上海
溜达咏,女,南京
成恋,女,上海
None,未知,None
大眼睛m_0,女,朝阳区
格式刷,男,江苏无锡
假日微风,女,镇江
阿源,男,无锡
假日微风,女,镇江
typypan,男,上海
None,未知,上海
小茶壶,男,镇江
狐狸糊涂,男,北京
None,未知,None
abc达达达达,女,宁德
雪莉的兜里有雪梨,女,上海
CARTON,女,上海
None,未知,None
邯郸学步,女,西安
None,未知,None
莫言,女,绍兴
旅拍摄影,女,无锡
None,未知,None
None,未知,None
你的时代芬,男,上海
投笔为国殇,男,上海
None,未知,上海
None,未知,None
狐狸糊涂,男,北京
大老牛,男,天津
旅拍摄影,女,无锡
None,未知,None
信手涂鸦,女,上海
vinymm,女,常州
逍遥游,男,上海
见书,男,龙岩
None,未知,None
红,女,悉尼
will,男,无锡
月明,女,北京
鳳,男,马来西亚
尹尹曰曰悠悠然,女,天津
花小斑,女,上海
郑馨,女,郑州
冰河,男,无锡
None,未知,None
面如桃花,女,无锡
小刘-1968,男,无锡
爱旅行的小妹妹,女,青岛
天天天晴,女,深圳
江南烟雨路,女,无锡
小刘-1968,男,无锡
何小山,男,广州
红尘,女,南通
钟鸣,男,安徽
旅拍摄影,女,无锡
　花❤,女,上海
一只菲尔Phil,男,长沙
小刘-1968,男,无锡
小猫娘懿欢,女,济南
安然,女,None
小刘-1968,男,无锡
JeffCheung,男,苏州
叶舞秋风,男,福州
郁然,男,苏州
钟鸣,男,安徽
旅拍摄影,女,无锡
十五泣春风yloves,女,上海
郝地瓜Cynthia,女,上海
小刘-1968,男,无锡
旅拍摄影,女,无锡
ktrina,女,上海
漫漫花游,女,杭州
ArmedPolice,男,无锡
爱在深秋,女,无锡
旅拍摄影,女,无锡
ArmedPolice,男,无锡
None,未知,None
Cyc,女,拉萨
旅拍摄影,女,无锡
晓逸,女,大连
旅拍摄影,女,无锡
A拈花沐沐🍵,女,无锡
小胖果果2018,男,北京
angel洁,女,北京
嘿嘿,男,None
ArmedPolice,男,无锡
Joanna,女,杨浦
巴塞罗那女孩,女,苏州
None,未知,None
小刘-1968,男,无锡
None,未知,None
WHV_Somnus,女,None
None,未知,南京
一切都好美丽好美丽,女,苏州
从这儿到那儿那么远,女,北京
小刘-1968,男,无锡
吉娃娃,女,圣托里尼
吉娃娃,女,圣托里尼
旅拍摄影,女,无锡
Ｍr.ЯiɡЧt,男,广州
蘇蘇_足迹中国,男,滁州
蘇蘇_足迹中国,男,滁州
净行者,女,北京
我还是想我还是海,男,苏州
∈ńāβしè,女,上海
蘇蘇_足迹中国,男,滁州
❥°木木~,女,沈阳
旅拍摄影,女,无锡
旅拍摄影,女,无锡
糖糖,女,上海
小刘-1968,男,无锡
旅拍摄影,女,无锡
菲凌,女,上海
爱跑步的龙先森,男,杭州
Mio,女,苏州
走自己的路,男,大连市
旅拍摄影,女,无锡
maiwangwang,女,None
None,未知,None
Nina,女,上海
None,未知,None
None,未知,None
向日葵Luisa,女,南京
旅拍摄影,女,无锡
peter16888,男,昆明
JOJO珺珺,女,上海
randyvon,女,北京
东北秧歌种子选手,女,上海
旅拍摄影,女,无锡
None,未知,None
None,未知,宁波
芋艿姑娘,女,嘉兴
陈陳陈,男,济南
心无缺,男,徐汇
小刘-1968,男,无锡
旅拍摄影,女,无锡
小虫,女,上海
None,未知,格陵兰岛
默片乐,女,苏州
Tina,女,西安
时辰不是成呐,女,乌鲁木齐
枯叶蝶,女,None
旅拍摄影,女,无锡
旅拍摄影,女,无锡
han_zj肇俊,男,无锡
None,未知,无锡
根子,男,无锡
旅拍摄影,女,无锡
小刘-1968,男,无锡
花开伴夏,女,佛罗伦萨
Sofia,女,江苏
season,女,广州
smi😊le🍄,女,None
品茶,女,None
旅拍摄影,女,无锡
云淡蓝,女,None
爱可晓鱼,男,宁波
左民山人,男,None
半成品、木偶,男,苏州
None,未知,None
None,未知,上海
旅拍摄影,女,无锡
海之朝露,女,德州
杜飞利,女,无锡
老飞侠,男,宁波
None,未知,北京
CARTON,女,上海
JeffCheung,男,苏州
屁橘酱,女,济南
None,未知,无锡
左民山人,男,None
旅拍摄影,女,无锡
石朝旋,男,太原市
柳轻轻,女,南京
风风,女,上海
心天翁,男,上海
华子,女,南京
邓邓不怕怕,女,杭州
旅拍摄影,女,无锡
慕何,女,青岛
无锡小辰光,男,无锡
None,未知,None
None,未知,上海
han_zj肇俊,男,无锡
🐳毛毛,女,常熟
圆滚滚,女,揭阳
han_zj肇俊,男,无锡
旅拍摄影,女,无锡
松云何,男,上海
None,未知,None
到处看看,男,杭州
None,未知,太原
lovelessyo,女,北京
None,未知,无锡
qieke,男,None
靓雅雅vivian,女,朝阳区
旅拍摄影,女,无锡
心天翁,男,上海
心天翁,男,上海
等我足够优秀,女,上海
旅拍摄影,女,无锡
如意/mg,女,吐鲁番
小E的一天,女,中国
食在滨湖,女,无锡
风子红,女,上海
nekosama,女,上海
蜜思王,女,北京
唐少龙,男,沈阳
许莫愁sammy,女,宁波
han_zj肇俊,男,无锡
临风看雪,女,镇江
姜还是老的辣lv,女,南京
莉莉安,女,常州
食在滨湖,女,无锡
Iam张益达,男,沈阳
、=宇姐_,女,重庆
None,未知,None
日日欣然,女,海口
Alice,女,杭州
KD,男,广州
None,未知,None
小小🐯,男,额济纳旗
昕妈,女,景德镇
日日欣然,女,海口
坦,女,太原
None,未知,None
None,未知,None
从我的全中国路过,男,南京
从我的全中国路过,男,南京
han_zj肇俊,男,无锡
None,未知,None
None,未知,无锡
xy,女,上海
None,未知,None
None,未知,None
陈琴,女,宜昌
None,未知,None
小小木头smile,女,北京
袏堓,男,无锡
韵,女,北京
梧桐雨,女,漳州
初见小姐,女,崇明
甜甜圈,女,无锡
琉璃阳光,男,北京
花飞春梦,女,苏州
小刘-1968,男,无锡
广阔的地平线1968,男,南京
背着女儿去旅行,男,保定
遇见乔七,女,上海
None,未知,None
边走边拍的琦琦,女,上海
None,未知,None
None,未知,None
喵喵,女,杭州
_羽山櫂輝～,男,None
salt小salt,女,西安
Mesmerism,男,上海
小刘-1968,男,无锡
praguer,女,北京
立早,女,None
咩。,女,武汉
ByYourSide,女,南京
feeling,男,上海
will,男,无锡
八爪霸王龙,女,上海
Ella的旅游记,女,上海
小塔,女,北京
Emma,女,上海
王颖,女,泰州
萝絲转ㄦ,女,北京
None,未知,None
han_zj肇俊,男,无锡
None,未知,None
Cinderlla,女,驻马店
啦啦啦拉面,男,朝阳
堇颜,女,福州
None,未知,None
None,未知,北京
han_zj肇俊,男,无锡
莺有尽有,女,宁波
小刘-1968,男,无锡
行走南国的背包客,男,苏州
Zsleslie,女,北京
背着女儿去旅行,男,保定
冒泡可乐,女,无锡
liyongan,男,上海
◎国柱自驾,男,江苏
丘山,男,上海
莎莎爱旅行,女,上海
小刘-1968,男,无锡
💄💃张某欧💗,女,沈阳
💕Shirley🌟,女,大兴
sky,男,上海
小晨，要出发啦～,男,北京
安娜,女,昆明
*Q,女,长春
蓝精灵BBQ,男,江阴
醉迷狐,男,天津
EY亲子游,女,北京
None,未知,None
如意,女,沈阳
skylark1670,男,北京
KNOX,男,北京
None,未知,None
十年,男,浦东新区
琉璃阳光,男,北京
朱小燕,女,杭州
圣代千层雪,男,郑州
喵小驴,女,杭州
面如桃花,女,无锡
None,未知,上海
躺石,男,北京
None,未知,None
应er,女,杭州
None,未知,杭州
长安—鸿德,男,西安
Amy.X🍭,女,北辰
None,未知,吉林市
缤纷午茶,女,None
泡菜五花肉,女,朝阳
琉璃阳光,男,北京
赵小溪,女,大同
净行者,女,北京
None,未知,None
None,未知,None
韩小白,男,哈尔滨
琉璃阳光,男,北京
瑶瑶,女,上海
i`MsorRy,女,庆阳
fanchess,男,上海
布吉岛岛主Jolan,女,上海
半空中的Eric,男,北京
瑶瑶,女,南阳
Scorpio~,女,南通
乍暖,女,济南
冷月印记,男,南京
琉璃阳光,男,北京
琪仔,女,None
山西小熊,男,昌平
净行者,女,北京
梧桐残阳,男,十堰
菠萝豆麻麻,女,青岛
排骨饭,男,上海
秋Irene,女,临沂
琉璃阳光,男,北京
None,未知,天津
None,未知,None
LuckyPlum🍬,女,扬州
小刘-1968,男,无锡
开妈BGM,女,常州
Ashley_曾霞,女,安达曼群岛
琉璃阳光,男,北京
None,未知,None
*红袖*,女,北京
谶纬,女,湖州
Ryan,男,深圳
甜甜圈,女,杨浦
梦呓,女,北京
None,未知,None
浅浅,女,苏州
None,未知,None
素素,女,天津
美好生活,女,苏州
达姐,女,上海
巫婆小阿猜,女,青岛
小刘-1968,男,无锡
大花,女,呼和浩特
陈子,女,无锡
背包客的世界,男,西安
potdeer,女,徐州
TTpluto,男,北京
我信你个鬼,女,上海
。,女,会泽
小猫和小猪,男,北京
你身边的旅行达人,男,浙江
退思而乐,女,朝阳
干曦曦,女,苏州
琉璃阳光,男,北京
lvzi11@126.com,女,南京
None,未知,None
Monroeroe,女,湖州
缘来是你,男,廊坊
杨柳青青,女,宝鸡
None,未知,None
知竹,女,辽阳
小黄人,男,上海
立春吉吉,女,大连
弓米弓,男,天津
None,未知,北京
小洁,女,东营
None,未知,None
食在滨湖,女,无锡
缘来是你,男,廊坊
None,未知,None
一只喜欢猪的羊,女,北京
MiniStudio,女,上海
贪梦道人,男,石家庄
Aha💥派吉,女,普陀
贪梦道人,男,石家庄
应季蔬果,女,苏州
Lizzy小太阳,女,上海
来来来来来,女,浦东新区
深蓝之凝,女,太原
公子,女,北京
None,未知,None
xiaoping,女,南京
TiffanyZhang,女,南京
小刘-1968,男,无锡
蜗牛Lv姐,女,常州
None,未知,无锡
清风弄影,男,无锡
Shamy,女,上海
不发呆会死星人,女,None
None,未知,None
BambiSnowww,女,杭州
Photraveler-T,男,上海
李二哥,男,北京
None,未知,None
None,未知,None
liyylover,女,海淀区
小刘-1968,男,无锡
None,未知,None
边走边悟,男,天津
blanche,女,上海
偷西瓜的不甜,女,银川
°　　　静然失心,女,青浦
Kumārajīva,男,重庆
知竹,女,辽阳
向北而居。,女,上海
None,未知,None
郁艼艼,女,上海
心口妚弌,女,成都
None,未知,None
袅袅,女,天津
最后一片枫叶,男,杭州
None,未知,苏州
心尚自由,男,北京
༒࿈小༙྇永༙྇远2,女,徐汇
舒杨,女,哈尔滨
锦绣的锦,女,温州
紫夜凝霜123,女,江南
小刘-1968,男,无锡
None,未知,南京
糍粑粑,女,苏州
None,未知,南京
哎呦喂,男,天津
D.e.l,女,深圳
None,未知,乌鲁木齐
小刘-1968,男,无锡
None,未知,北京
黃大田,男,台中
小花蹄走世界,男,济南
anni7_new,女,上海
赵先生,女,None
Mollydu,女,沈阳
None,未知,None
走走,女,天津
说走就走的张老师,女,扬州
背影,女,江西省宜春市
木北,男,厦门
生活小能手大米,女,上海
娃娃,女,None
流浪到淡水✿,女,天津
None,未知,None
大头阿力古,女,None
宁波风语者,男,宁波
一个桔子,女,上海
None,未知,None
心雨潇潇,女,嘉兴
心在星辰大海,男,上海
孙鹏,男,上海
二蛋Chr,女,金华
小屁孩,女,上海
鑫T糖,男,温州
None,未知,None
赵平儿,女,无锡
李华,女,哈尔滨
喜欢记录的芒果,女,杭州
喜欢记录的芒果,女,杭州
陈冰,女,无锡
卧龙映画WOLONG,男,上海
长颈鹿家,女,广州
行走的招财猫,女,上海
None,未知,上海
可乐,女,绍兴
好字好运,男,杭州
萤晖,女,兰州
十七,男,长沙
None,未知,None
木木头,女,杭州
None,未知,上海
None,未知,None
假的吃主,女,云南
Jumping小跳,女,广州
边走边悟,男,天津
None,未知,None
单一表情,女,上海
None,未知,None
吉娃娃,女,淮北
勤之印,女,苏州
None,未知,上海
西瓜最爱夏天,女,杭州
小煤球与小豆芽,女,徐州
边走边悟,男,天津
None,未知,上海
山茱萸,女,安徽合肥
None,未知,None
火隐烟凝,女,上海
leeping's-Z,女,宁波
海的女儿,女,苏州
👣开心开心👧,女,无锡
啄啄妞baby,女,上海
宋氏庄园,女,苏州
Zz,女,宿州
Jessica矫,女,沈阳
一般不活跃用户,女,深圳
晞宝妈咪,女,苏州
春仔,男,南通
兰釆和,男,深圳
击浪飞歌,男,宜昌
None,未知,None
Cindy,女,无锡
None,未知,天津
None,未知,None
钻石眼泪,女,绍兴
熊猫,女,杭州
ruby华,女,苏州
一家三口去旅行,女,南通
Vicky麻麻,女,南京
小刘-1968,男,无锡
小刘-1968,男,无锡
小刘-1968,男,无锡
None,未知,None
嘎布哩学姐,女,苏州
None,未知,厦门
miaomiao和hehe,女,北京
Baby'sBreath😘,女,嘉兴
《C·A·T》,女,江门
《C·A·T》,女,江门
土小妖,女,厦门
打回原形,男,上海
Cynthia🌙,女,苏州
HeroLee,男,常州
多啦尊比大人,男,北京
荣荣,女,爱琴海
None,未知,None
燚尘,男,衡阳
独白,女,None
击浪飞歌,男,宜昌
遇见,女,杭州
晞言baby,男,铜陵
小吃户娜娜,女,南京
None,未知,上海
None,未知,上海
Rainbow❤,女,沈阳
茹花,女,苏州
colly的小屋,女,珠海
👻黑暗精灵👻,女,上海
蓝木,男,无锡
小欢欢,女,上海
《C·A·T》,女,江门
冯杨扬,男,上海
暮色烟雨,女,None
🎀欢欢.,女,福州
什么都不想说、,女,上海
🐯Qi,女,无锡
一只卡卡熊,女,厦门
蒲公英,女,北京
福娃,女,None
小刘-1968,男,无锡
ÝeYe悠苒♚,女,上海
粉色的sun禾禾,女,无锡
一切都好美丽好美丽,女,苏州
拔丝土猫,女,None
None,未知,None
坤弘城,男,苏州
feeyoo,男,北京
Laura喵喵,女,浦东新区
None,未知,无锡
Piers,男,上海
面如桃花,女,无锡
hjgf,男,马鞍山
是你的宝藏girl_,女,浦东新区
Karen埋,女,上海
None,未知,北京
None,未知,None
张文,男,南京
Georgia,女,苏州
sakura,女,郑州
小刘-1968,男,无锡
小刘-1968,男,无锡
小刘-1968,男,无锡
小刘-1968,男,无锡
^^口口~,男,苏州
昱沅,女,成都
沙漠无忧草,女,杭州
None,未知,None
kailer,男,深圳
琼瑶,女,杭州
None,未知,广东
IdeaLe,男,西城
蓝色水晶,女,北京
小微,女,苏州
好奇蛋蛋,女,None
艾大克,女,北京
None,未知,上海
信天游,男,江苏苏州
东方水城,男,苏州
火点,男,杭州
瀚海一波,男,山东
miaomiao和hehe,女,北京
井底蛙,男,西城
None,未知,杭州
姜国昭,男,浦东新区
None,未知,None
phoeny,女,南京
缘分,女,常州
None,未知,上海
拔丝土猫,女,None
凉糕不凉,女,None
击浪飞歌,男,宜昌
None,未知,None
YoYo,女,北京
~旅程～,女,沈阳
None,未知,None
Aoi,女,上海
春风扬柳,男,无锡
CarrieY.,女,上海
D_Fly,男,昆山
Sugar🍬,女,None
王荣荣荣荣荣芬,女,古巴
NarinCao,女,无锡
侣行,男,上海
秋秋要撒欢,女,上海
None,未知,深圳
None,未知,None
乖乖小猪,男,浦东新区
None,未知,None
自在随风Hc,女,嘉兴
None,未知,None
枫丹白鹭24,女,无锡
击浪飞歌,男,宜昌
小刘-1968,男,无锡
沫沫子尘,女,张家港
@soulmate,女,沈阳
小圆脸木易,女,None
尹燕霞,女,北京
墨名,男,保定
None,未知,苏州
sun,女,绍兴
容容爸爸,男,None
None,未知,成都
初心草莓酱,女,上海
Judy,女,上海
🐯Qi,女,无锡
纠结的秤子,女,上海
菲思密达菲,女,上海
一杯橙汁儿,女,金华
None,未知,None
cherry,女,江门
月牙儿,女,上海
大虎的二丫,女,江苏
小刘-1968,男,无锡
蒲公英,女,北京
蒲公英,女,北京
蒲公英,女,北京
蒲公英,女,北京
宁静致远的宁宁,女,宁波
None,未知,厦门
食在滨湖,女,无锡
紫藤,女,上海
非儿,女,扬州
oopskana,女,武汉
飞飞,女,上海
琼花,女,徐汇
叫我蔡少爷,女,杭州
海豚依诺,女,扬州
🐳丸子,女,漳州
None,未知,None
小刘-1968,男,无锡
晴天,男,苏州
jiafei2323,女,上海
Chloe✈,女,成都
None,未知,None
焕宸,男,北京
雅Celia🎈,女,上海
火星长颈鹿,女,上海
None,未知,None
None,未知,苏州
巴拉巴拉128,女,马鞍山
清风弄影,男,无锡
猫爷,女,圣安多尼堂区
涅槃,女,苏州
暴脾气的柚子,女,上海
None,未知,None
FM🐬,女,阿尔巴尼亚
丁香紫的歌,男,徐州
心的旅行,男,青岛
啦啦🙈,女,温州
面具戴久了,女,南京
若Elina,女,扬州
肉桂丁香陈皮,女,None
丁香紫的歌,男,徐州
甜甜,女,上海
lina,女,无锡
小刘-1968,男,无锡
独孤求败,男,上海
浮云,男,长春
小刘-1968,男,无锡
Smallangela梦,女,厦门
Cici,女,上海
一切都好美丽好美丽,女,苏州
None,未知,北京
鹿的猫,男,上海
三娃,男,None
惜日青青,女,朝阳
罗奈尔德,男,苏州
一只球,女,北京
A.小木子~,女,苏州
小强仔600,男,滨州
猴鸟旅人,男,南京
None,未知,上海
rebeccawss,女,北京
菡薰宝贝,女,泰兴
天上的星星,男,沈阳
自游自在,男,河南
None,未知,无锡
meilin2233,女,苏州
清风弄影,男,无锡
苏州游子,男,无锡
小刘-1968,男,无锡
一切都好美丽好美丽,女,苏州
Jeffrey,男,None
米格29MKK,男,临海
我是小张哥,男,湛江
None,未知,None
李萍,女,台中
单弦,女,None
lucky,女,上饶
小刘-1968,男,无锡
Ironside,女,上海
奇奇,女,广州
陈子,女,无锡
一点都不萌的大萌,女,上海
丁香紫的歌,男,徐州
乐乐悠,女,上海
东方水城,男,苏州
羽儿,女,无锡
han_zj肇俊,男,无锡
四海游狼,男,浦东新区
None,未知,None
小刘-1968,男,无锡
覺晨,男,无锡
伤心的洋葱,男,海淀
小刘-1968,男,无锡
None,未知,None
zc666,男,苏州
无锡好妈妈,女,无锡
袁毓生,男,上海
Runninggirl,女,沈阳
一天到晚游泳的鱼,男,大连
一天到晚游泳的鱼,男,大连
浅笑,女,None
小刘-1968,男,无锡
disneypenny,女,上海
老猫,男,大连
小刘-1968,男,无锡
vyyuanvy,女,天津
Charlitte,女,上海
秋天的童话,男,海淀
木木小太阳,女,无锡
None,未知,无锡
马蜂窝用户,女,厦门
古娜葳尔,女,无锡
Ice～jun,女,None
gaodujinshi,女,西安
木木小太阳,女,无锡
木木小太阳,女,无锡
清扬,男,常州
清风弄影,男,无锡
小刘-1968,男,无锡
Jeffwangjy,男,苏州
Jeffwangjy,男,苏州
super猛犸,女,南京
👄Vivianluck🐻,女,长宁
Alice,女,杭州
心贤,女,上海
丁丁毛毛军,女,None
月是冷的,女,天津
喵哩咯咪嘚,女,上海
dongdong1119,女,上海
蒲公英,女,苏州
None,未知,None
小刘-1968,男,无锡
游山游水,男,秦皇岛
快乐的大虫子,女,北京
evan,男,上海
吴愧于心,女,无锡
﹏゛浅笑〆,女,宝山
彩叶草,女,牡丹江
vandy,女,西安
阿源,男,无锡
None,未知,None
wuyan1227,女,天津
LU鹿,女,南京
子木,女,None
None,未知,None
迷途麋鹿迷了路,女,镇江
包子不再沉默,男,常州
兔籽de旅行,女,None
yixiewangzi,男,西安
闭关的岭南人,男,上海
随风飘扬,男,天津
董白白321,男,None
None,未知,江苏
Flora,女,北京
哈哈^o^小马,女,浦东新区
没有如果,女,连云港
羊葱兔豆鱼,男,北京
朝花✿夕拾,女,保定
つ№厷℃囒と,男,苏州
JOJO珺珺,女,上海
小晔子,女,浦东新区
None,未知,None
[陌惗、,女,银川
芳Iris,女,台中
NANA_LOVE_HK,女,北京
a烨子,女,抚顺
池初,女,上海
liyongan,男,上海
小辫子酱,女,上海
缘缘,女,石家庄
Vιvi、🍑,女,普陀
妮妮,女,普陀
芳Iris,女,台中
salarewo,女,南京
无量,男,无锡
芳Iris,女,台中
迷迷糊糊水,男,None
liyongan,男,上海
芳Iris,女,台中
芳Iris,女,台中
Erick`,男,无锡
迷迷糊糊水,男,None
打回原形,男,上海
小蜂,男,成都
惟宽,女,None
begoniagirl,女,无锡
天地一线,男,None
韩七月,女,上海
另一个袋鼠公,男,上海
绝世美中美F,男,中国
@@@@,男,None
TrueLeohere,男,大连
宇陆君,男,上海
酸奶有颗强心脏,女,海淀区
姜英+路德@,女,上海
姜英+路德@,女,上海
斌,男,天津
食在滨湖,女,无锡
王不留行,男,西藏
食在滨湖,女,无锡
爱旅游的汪先森,男,上海
食在滨湖,女,无锡
食在滨湖,女,无锡
zhaoying0219,女,大连
None,未知,None
小米,女,上海
Lee先生,男,南京
None,未知,None
茉莉,女,杭州
猪大师,男,None
None,未知,None
庚之七堇年,女,杭州
微笑Tina,女,南宁
顾的白ヾ💋,女,无锡
微笑Tina,女,南宁
微笑Tina,女,南宁
微笑Tina,女,南宁
微笑Tina,女,南宁
食在滨湖,女,无锡
920游天下,女,南京
Takuya_liu,男,北京
齐天大圣孙悟空,女,None
苹果❤星星,女,南京
琪琪呀,女,江苏
孤月冷水,女,石景山
曳盈,女,南京
港里个岗,男,青岛
仙剑小鱼,女,株洲
港里个岗,男,青岛
食在滨湖,女,无锡
食在滨湖,女,无锡
None,未知,None
陈煜,男,浦东新区
猪腰子的救赎,女,北京
粗心的小画家,男,北京
None,未知,深圳
han_zj肇俊,男,无锡
二十八宿君,男,南京
跟着虎爸去旅行,男,济南
Jon,男,None
None,未知,None
刘诗澄小朋友,女,上海
🍬candy🍬,女,湖州
None,未知,厦门
白夜叉卷子,女,None
食在滨湖,女,无锡
大胡子,男,上海
黑衣忍者JACK,男,上海
糖果,女,沈阳
None,未知,上海
周小慧,女,上海
王十三,女,三亚
眠听雨,女,None
清风弄影,男,无锡
None,未知,None
MAI👀,女,肇庆
玉娇龙,男,无锡
清风弄影,男,无锡
孺子牛,男,深圳
