None,未知,北京
Yoli,女,北京
木子行,女,CQ
天夏向北走,女,云南
恬淡无为,男,大理
乖ゃЬú愛了,女,None
None,未知,桂林
美鱼十安,女,沈阳
净清,女,None
尘流儿,女,None
鲤游星球,女,广州
尘流儿,女,None
Wilson_金龙,男,深圳
尘流儿,女,None
乌龟慢慢爬,女,北京
净清,女,None
basil,女,sz
净清,女,None
碧海云天,女,昆明
Wilson_金龙,男,深圳
净清,女,None
None,未知,None
司晨,男,海淀
艺允YiYo.G,女,丽江
桃子说民宿,女,杭州
朵叶,女,贵阳
恬淡无为,男,大理
None,未知,佛山
一粟,女,成都
恬淡无为,男,大理
昔非,男,杭州
小雷旅行,男,北京
假期17U**@加宁,男,fj
鸡米妮爱吃糯米糕,女,大庆
雪爷🍭😻🍭,女,深圳
herringxlh,女,重庆
英子菇凉,女,广东
飞来飞去的黄建华,男,北京
None,未知,None
None,未知,None
None,未知,None
Mercy,男,上海
甩甩,女,攀枝花
小洋熊,女,上海
PINKYBEE,男,None
炎家小棉,女,成都
None,未知,杭州
花开蜂蜜来,女,天津
None,未知,北京
JessIca-yyy,女,顺德
胖子宁胖子,男,西安
杨执youzh,男,珠海
Lauyx在路上,女,西城
晨思妙语,女,北京
点点星,女,南京
Lance,男,西安
None,未知,None
狗不理,男,广州
chencurl,男,上海
　　小c.。,女,上海
lilyrat,女,北京
白狐,女,大连
None,未知,None
Sarch💙,女,深圳
佳佳狮子,女,北京
Lilyhe,女,成都
网木木,女,普陀
sukygg,女,静安
Annie,女,None
淋湿翅的蜻蜓,女,临安
None,未知,None
叶叶,女,广州
小魚儿,女,上饶
猫_老鼠,女,重庆
小魔鬼,男,方山
静,女,重庆
流沙,男,昆明
梳子,女,昆明
念、木槿花开,女,荣昌
Celery772,女,重庆
None,未知,None
橙子期待一趟旅程,女,成都
一瓶梨子jiang,女,深圳
试睡员漫小蔓,女,上海
试睡员漫小蔓,女,上海
Agoni,女,银川
逍遥游,女,深圳
始终在路上的安璇,女,珠海
Golden,男,上海
鲛人的泪,女,杭州
湖大哥,男,成都
羊葱兔豆鱼,男,北京
苍山洱海三亩地。,女,大理
七月尾鸳,女,云浮
栗子,男,深圳
花吱丸,女,北京
影子，安静,女,西安
和平女士,女,杭州
None,未知,成都
山南,男,攀枝花
璇小米🍥,女,益阳
小企鹅,女,广州
森林行者,男,北京
None,未知,None
眯眯小su,女,广州
莽松,男,贵阳
会飞的鱼,男,广州
空气贝儿,女,成都
铂悦旅拍摄影师,女,None
None,未知,None
马蜂窝用户,男,None
None,未知,None
小虎牙,女,厦门
恬淡无为,男,大理
淏-穠-,男,南京
风中奇缘,男,上海
云南旅游定制,男,云南
None,未知,None
Selina,女,北京
黑吉娃娃,女,长沙
h j s j z j,男,None
None,未知,None
云南旅行-小黎,女,丽江
宋雨,男,丽江
素舍精品客栈,男,大理
EricLeMoal,男,北京
扎西德勒,男,东莞
None,未知,None
None,未知,None
棉花糖宝宝,女,None
None,未知,None
希希籽籽,女,深圳
云南旅行-小黎,女,丽江
西班牙的西,女,西安
英姿飒爽的熊,男,北京
前辈不醉,男,沈阳
我旧抽屉里的海,女,佛山
小手,女,延边
唐博乐Crystal,女,钦州
张老师流浪记,男,上海
None,未知,None
西城,女,None
None,未知,杭州
Miss囍囍,女,其他
自在-我在,女,昆明
素舍精品客栈,男,大理
若风,男,广州
None,未知,None
None,未知,None
大理风不定,男,大理
BD8WA,男,瑞丽
None,未知,None
马蜂窝用户,女,沈阳
Hexagram,女,大理
BD8WA,男,瑞丽
BD8WA,男,瑞丽
栗子,女,黔南
❤️兔子🐰,女,杭州
None,未知,大理
None,未知,大理
我叫zeng巧晴,女,重庆
BD8WA,男,瑞丽
BD8WA,男,瑞丽
BD8WA,男,瑞丽
小巴黎XIAOYU,女,成都
None,未知,None
None,未知,None
None,未知,None
壹歸,女,深圳
恬淡无为,男,大理
若风,男,广州
BD8WA,男,瑞丽
None,未知,None
不要有名字,男,南京
刘怡涛,男,昆明
阿九,女,威海
.H.,女,南京
刘怡涛,男,昆明
None,未知,None
None,未知,None
恬淡无为,男,大理
None,未知,None
🐈梅子,女,合肥
None,未知,None
CharisBaby,女,太原
BD8WA,男,瑞丽
.H.,女,南京
None,未知,None
None,未知,None
马蜂窝用户,女,昆明
.H.,女,南京
None,未知,None
帘外雨,女,北京
sukichan0403,女,None
.H.,女,南京
风情雨漫,男,武汉
None,未知,None
摄影师郑凯-kk,男,None
七七,女,中山
None,未知,None
Winnie,女,西安
None,未知,None
None,未知,None
摄影师郑凯-kk,男,None
苏麻离青,女,青岛市
恬淡无为,男,大理
None,未知,大理
lwkyz888,男,杭州
小胖狐狸,女,大理
None,未知,阳江
帆叶,男,平凉
🍀古城深巷舊少年🤞,男,西安
路路,女,郴州
None,未知,None
None,未知,大理
None,未知,None
旅拍,男,上海
susan0513,女,长沙
爱旅游的西瓜小姐,女,昆明
yoyoo_sunny,女,红河
None,未知,None
Q先森,女,重庆
格小斯,女,成都
None,未知,None
麦麦,男,江苏
∑出界✘,男,通州
浪迹天涯,男,武汉
陌上花🌼,女,东莞
None,未知,None
卡卡罗特猫,男,成都
铂悦旅拍摄影师,女,None
爱中国,男,阜新
风雨飘摇,男,上海
巴媛媛,女,丹东
闲人,女,北京
BabyRabbit,女,None
Ramsay,男,深圳
None,未知,None
我的名字叫完美,男,北京
None,未知,None
云说,女,成都
诸司凉姬,女,合肥
None,未知,天津
liantiyinger,女,北京
慢小曼,女,武汉
吴芳,男,广州
🐭🐭@_@,女,北京
马蜂窝用户,女,海淀
佳琪,女,丰台区
愛情問號,男,天津
宁伽柘的全世界,女,上海
雅雯,女,成都。青岛
芒果樱桃和萝卜,男,银川
小新,男,成都
大理风不定,男,大理
爱摄影的丘比特,男,重庆
SONG,女,宁波
独孤虎,男,成都
老渔哥,男,重庆
老渔哥,男,重庆
老渔哥,男,重庆
恬淡无为,男,大理
None,未知,None
08可燃冰,男,成都
王白石,女,None
None,未知,None
全心物业、汪,男,重庆
封己,男,普陀山
国中旅-阿明,男,云南
Accio__,女,新加坡
大脸猫,女,成都
恬淡无为,男,大理
马蜂窝用户,男,成都
湛江万达国旅,男,湛江
板鞋范จุ๊บ,女,六安
Roo,男,新加坡
乖乖兔,女,朝阳
凡人,女,玉溪
Belief,女,云南
丽江民宿白马轻奢,女,丽江
None,未知,None
梵一.摄影,男,大理
None,未知,None
W,女,成都
桃子Taot,女,杭州
3333,女,北京
None,未知,None
老鼠籽,女,广州
山野村夫V老爹,男,杭州
None,未知,None
None,未知,None
骑着蜗牛去旅行,男,大理
你妹爱吃葡萄,女,柳州
🌱su～素,女,上海
笑忘书,女,济南
行走丨在路上,男,南京
None,未知,None
阿立,男,成都
None,未知,北京
摄影RomanceTime,男,大理
lemonontheway,女,昆明
素舍精品客栈,男,大理
None,未知,None
None,未知,None
千遇旅拍小哥哥,男,上海
yaya,女,遵义
川哥LOHAS,男,上海
嫩江采石翁,男,齐齐哈尔
Mark杯,男,上海
一朵小森林,男,大理
None,未知,昆明
恬淡无为,男,大理
摄影师郑凯-kk,男,None
翻滚吧！饺子,女,None
大理第一熬夜王,男,大理
老虎的妹妹,女,西安
恩铭行摄记,男,福州
None,未知,None
马蜂窝用户,女,广州
塔南,女,布里斯班
香嘟嘟,女,西安
江蘇~三哥~在雲南,男,昆明
None,未知,朝阳
None,未知,朝阳
None,未知,朝阳
Mark杯,男,上海
None,未知,朝阳
墨小米,女,成都
玥少爷和ta的猫,女,北京
None,未知,None
None,未知,None
None,未知,朝阳
嘟嘟爸,男,成都
寞离,女,长沙
琳,女,None
痛并快乐着,男,深圳
None,未知,朝阳
跟着大宝去旅行,男,大理
47。,女,None
C.R.,女,广州
飞天剑雨,男,乌鲁木齐
上官小蝉,女,无锡
跟着大宝去旅行,男,大理
rosehua,女,广州
一场游戏一场梦,男,广州
老游,女,贵阳
香菇滑鸡饭,女,北京
恬淡无为,男,大理
牛哥,男,江门
香菇滑鸡饭,女,北京
浪毛线Joe,男,上海
素舍精品客栈,男,大理
直聊男,男,北京
rosenphils,男,武汉
cmm,女,上海
None,未知,None
小孩很忙,女,重庆
Latinashen,女,宁波
李志,男,石家庄
None,未知,None
若有所思CS,女,苏州
None,未知,None
dashuji,男,南宁
赖皮鬼,女,南昌
小哲妞爱大北京,女,北京
None,未知,None
行走的射手座,女,辽宁
None,未知,成都
摄影师郑凯-kk,男,None
None,未知,None
希小姐,女,None
杰潔宝,女,兰州
阿明,男,云南
没毕业的鱼,女,东莞
八爪娘娘,女,成都
格桑安尼,女,乌鲁木齐
*Q,女,长春
None,未知,None
ABCDEFG,女,大庆
杨大傻,男,上海
Chalwayoung,女,北京
g大调的蜗牛,女,西安
mr.XXL,男,成都
马蜂窝用户,女,None
玩家,男,香港
马蜂窝用户,女,乌鲁木齐
长乐未央,女,德州
榛先森,男,重庆
None,未知,北京
我名字很好记HUA,女,广州
J-10C,男,广州
咫尺天涯,女,天津
kikixxx,女,中山
远方有故事,男,佛山
紫薇,女,太原
J-10C,男,广州
None,未知,阿坝
摄影师郑凯-kk,男,None
一颗西柚,女,昆明
Deer,女,上海
愿这世界如童话。,女,None
云南最靓的仔,男,昆明
None,未知,成都
回车键,女,红河
小丑,男,北京
None,未知,北京
杉爷Lyyiva,女,浦东新区
None,未知,None
心悦,女,贵阳
小敏,女,北京
None,未知,None
Keith,男,南区
Keith,男,南区
None,未知,None
黄不色,男,澳门
月月,女,西宁
Luigi,男,东城
丁乾坤,男,成都
阿音iris,女,北京
Fuxos_milky,女,广州
夏七七-SEVEN,女,上海
None,未知,None
小麻花,女,西安
小囡思,女,上海
SUPER-FANNIE,女,成都
闲人,男,南宁
坑货大小姐,女,贵阳
恬淡无为,男,大理
我的足迹,女,北京
None,未知,None
赞底,女,大理
阿可船长,女,广东
何田田,女,汕头
luomeiruyu,男,天津
A浊酒一杯,男,南阳
None,未知,None
天天惦记,男,广州
小短袖,男,大理
摄影师郑凯-kk,男,None
向日葵,女,None
若兰,女,武汉
任逍遥,男,余姚
玮,女,宜昌
野生海胆爱冒险,男,北京
与柒17去旅行,女,成都
向日葵,女,None
晏欣羽,女,上海
槑,男,None
星哥很无聊,男,None
lemontrip。,男,丽江
追光少女,女,南宁
范小米,女,南宁
看看,男,海参崴
静Jing小妞,女,杭州
None,未知,None
None,未知,成都
遥远的他,女,成都
ぁÐ·MJ,女,太原
摄影师郑凯-kk,男,None
吕大哥,男,上海
Elliot,女,江门
铂悦旅拍摄影师,女,None
恬淡无为,男,大理
雪后多伦多,女,吉隆坡
cho-chong,女,上海
小猴子悟空sky,男,北京
pan,女,None
董小姐👑,女,朝阳
固小软,女,成都
游山玩水的女人,女,忻州
常洁灵,男,广昌
常洁灵,男,广昌
摄影师郑凯-kk,男,None
Angle,女,广州
小潼,女,阿尔山
闲人,男,南宁
点点and依依,女,上海
恬淡无为,男,大理
鲁鲁,女,北京
略知一二abc,男,深圳
赞底,女,大理
圆润成了球,女,None
_▂..白小包,女,三明
常洁灵,男,广昌
常洁灵,男,广昌
律行,男,昆明
None,未知,None
心向海,男,重庆
羅QC,男,柳州
如梦令,女,None
常洁灵,男,广昌
常洁灵,男,广昌
常洁灵,男,广昌
常洁灵,男,广昌
常洁灵,男,广昌
常洁灵,男,广昌
元子,女,成都
马蜂窝用户,女,None
GLN,女,苏州
None,未知,None
未止,女,北京
None,未知,深圳
💗五岁半-,女,桂林
None,未知,None
None,未知,None
天真的不得了46,女,西安
摄影师郑凯-kk,男,None
None,未知,None
单,女,广州
None,未知,珠海
ENGDA,男,芝加哥
马蜂窝用户,女,成都
None,未知,重庆
杨政号,男,大理
龙舌兰,男,渝北
阿俐,女,绍兴
白羊座的兔兔牙,女,西宁
萌多啦,女,上海
YQ,女,深圳
Youbelongtome,女,厦门
看一看世界的繁华,男,无锡
来大理网,男,大理
Origin,女,昆明
雪~,男,None
None,未知,None
yanleung,女,广州
温泡泡儿-,女,凉山
大凌,男,长沙
淡淡的忧伤,男,南京
Ranne.L,女,南岸
LionYY,男,沈阳
嗡🎶,女,亚洲
王英涛,男,兴安
仙儿,女,成都
石程程是大橙子,女,朝阳
None,未知,None
Cynthia,女,朝阳
S.,女,宁波
蒸小鱼,女,浦东新区
摄影师郑凯-kk,男,None
大刘,男,大理
马蜂窝用户,女,珠海
美丽风景,女,荆州
覃佩玲,女,南宁
None,未知,None
一只小宝宝,女,沈阳
马蜂窝用户,男,嘉定
大脸猫,女,重庆
None,未知,None
马蜂窝用户,女,成都
莎蔓萝,女,开封
None,未知,浙江
None,未知,None
None,未知,None
cxh,女,上海
格必คิดถึง,男,成都
dhfgdfsdy,女,云南
当彩虹糖遇上🌈,女,广州
None,未知,浙江
CherishL,男,苏州
active96,女,苏州
蚂蜂窝用户,女,上海
表情淡漠渠先生,男,朝阳
秋水伊人,女,沈阳
孤单又灿烂的神,女,石景山
None,未知,None
zhi_-zhi,女,广州
铂悦旅拍摄影师,女,None
None,未知,浙江
大熊🐻,男,桂林
糟逃,女,东莞
manm,女,重庆
None,未知,深圳
Oneland,女,杭州
jessica,女,深圳
qzuser,男,深圳
🍒Paradise33🍒,女,重庆
None,未知,None
杨小福是没有故事的女同学,女,东城
旧事听风,男,None
None,未知,None
曾凯,男,六盘水
知石齋,男,贺州
🦌小妮子,女,普陀
warker,男,上海
美丽风景,女,荆州
恬淡无为,男,大理
鱼肚白,男,None
马蜂窝用户,男,成都
逍遥佛爷,男,深圳
双双💫,女,南阳
漫旅逛世界,女,中国
放弃也许比坚持要好的多。,女,西安
amandatu,女,北京
None,未知,大庆
丶尕﹌,女,里昂
马蜂窝用户,女,保山
爺、独霸天下,男,浦东新区
清风徐来,女,乐山
乐益达乐高陶老师,女,昆明
丹妮,女,大理
独孤星夜,男,深圳
easyhope,女,北京
wp,男,北京
ar707,女,大理
豆豆猪,女,东莞
刘大槌,男,昆明
Steven,男,郑州
Steven,男,郑州
miniyueyue,女,浦东新区
秘境百马,女,None
秘境百马,女,None
秘境百马,女,None
秘境百马,女,None
꧁小可爱꧂,女,天津
女青,女,重庆
小炤,男,德宏
文123,男,苏州
清清那个妍,女,苏州
helen_海豚,女,福州
chrisj,女,北京
摄影师郑凯-kk,男,None
None,未知,None
None,未知,赣州
易红豆要早睡-早起,女,None
晨,女,None
々劃出蝤從そ,女,广州
雷锋和小曦,女,成都
谷氨酸偏高患者,女,武汉
归灬零,男,鞍山
归灬零,男,鞍山
归灬零,男,鞍山
归灬零,男,鞍山
神秘说书人,男,五指山
自由,男,合肥
-,女,北京
美食学长,男,绵阳
Boeing747,男,None
None,未知,大理
在路上,男,None
S,女,珠海
Kara,女,北京
流云,女,昆明
Moment,女,绵阳
食在旅途的Wilson,男,深圳
Moment,女,上海
涟漪微微,女,常州
黄蓉蓉91520,女,广州
小默默🎉,女,龙岩
筑紫,女,None
爱做梦的白羊喵,女,上海
提子和师父,女,沈阳
evenmother,女,西安
湖清,女,上海
None,未知,None
枫叶红了,女,保定
带着老婆去旅行,男,揭阳
bobo,女,None
不安分的_,女,大兴
曼殊斐儿,女,武汉
None,未知,None
林子,男,重庆
🎵,女,大理
侯小猴,女,None
清风徐来,女,乐山
None,未知,None
frank,男,上海
单纯的射手,男,上海
fire,男,None
伟伟道来,男,重庆
恬淡无为,男,大理
None,未知,None
遇见,女,石景山
Minnnnn,女,上海
wanghong80,女,廊坊
二萌,女,洛阳
YCC,男,上海
黑土,男,None
薰衣草,女,烟台
倩,女,金华
自由自在myself,女,None
疯子,女,广州
Followheart.,男,法兰克福
嘟嘟妈咪,女,成都
千寻,女,None
恬淡无为,男,大理
美丽风景,女,荆州
旅行摄影师,男,大理
彦仪,女,重庆
Memory_Light,男,南宁
咸鱼,男,大理
liubingxin07,男,天津
EricChen,男,北京
None,未知,None
CommeMoi,女,成都
享享带你看世界,女,成都
马蜂窝用户,女,昆明
溜妹儿,女,成都
None,未知,上海
xsG,女,成都
菜篮子先生,男,上海
None,未知,None
快乐生活,女,北京
宁缺勿滥,女,南宁
波波安,女,青浦
一眼万年,女,北京
哥哥,男,惠州
火腿,男,重庆
飞鸽,女,东莞
慧,女,广州
西西很酷哦,女,长沙
穷经和皓首,男,成都
摄影师郑凯-kk,男,None
None,未知,None
飞,男,佛山
None,未知,None
Eco,女,佛山
嘉怡,女,广州
None,未知,None
马蜂窝用户,男,成都
山笛,男,赣州
我是夏天~,女,长沙
马蜂窝用户,女,None
静静,女,西安
None,未知,成都
li🎸📷,女,深圳
宇凡,男,昆明
定酉,男,来宾
Lavender,女,张家口
✨敏✨,女,哈尔滨
走走停停,女,内江
李新新的游乐场,女,广州
君逝,女,北京
swjtu143007,男,北京
星空下我在许愿,女,重庆
静静,女,广州
AngelaSallyGu,女,厦门
None,未知,佛山
牛牛是只法斗,女,武汉
骑着单车去旅行,女,荣昌
None,未知,None
None,未知,None
彩云南,男,昆明
None,未知,昆明
None,未知,None
徐虾壳,男,None
刘先生。,男,漯河
小小玺,女,陕西
你的小猫咪🐱,女,昆明
马蜂窝用户,女,大连
None,未知,None
阿默,女,青岛
Vivi,女,成都
老造,男,张家口
三鱼里有鱼刺,男,温州
瞌睡杨,女,昆明
晨曦,女,上海
老造,男,张家口
ztqq,男,运城
马蜂窝用户,女,None
恬淡无为,男,大理
沙漠骆驼,女,None
七夕雨,女,潍坊
Xwoman。🎀,女,德阳
百年孤独,女,长沙
再遇,女,广州
王婷,女,驻马店
风中挽月,男,渝中
带着汉服去旅行,男,昆明
小易✡️,女,加德满都
铁人17号,男,苏州
None,未知,上海
摄影师郑凯-kk,男,None
Viviman,男,通州
王珂,男,秦皇岛
南山蓝北山白,男,昆明
东邪西毒,男,大连
维维at豆奶,女,武汉
风梵者,男,河北
爱的抱抱,男,杭州
晗晗晗啊,女,None
铁人17号,男,苏州
UNCLE,男,中山
恬淡无为,男,大理
CHANYEOL,女,None
南山的秋呀,女,北京
属猫的噻噻,女,丽江
属猫的噻噻,女,丽江
笑语盈盈,女,昆山
愿时光能缓、,女,天津
铁人17号,男,苏州
深夜孤灯,男,西安
铂悦旅拍摄影师,女,None
丽江老司机,男,丽江
水深蓝蓝,女,遵义
唐君武,男,湘潭
世间人人心独坐,男,钦州
枫叶红🍁🍁,女,广州
NIE,女,增城
青延,女,芭提雅
None,未知,None
💓Jessica,女,南宁
颜姐带你游海南,女,三亚
铁人17号,男,苏州
天淡の暮秋,男,山东
V⁷⁷⁷,女,None
青岛袁晓杰,女,青岛
天黑了,男,焦作
None,未知,None
Edison,女,深圳
Kin,女,深圳
亻倩倩倩影,女,新疆
None,未知,None
Sunrise,男,武汉
二狗,女,澳门
轻扬,女,基隆市
幸福小女人,女,广州
浮夸,男,合肥
彪標,男,上海
李小野VIP,女,大理
拈花微笑,男,None
None,未知,长沙
安宁的旅行,女,杭州
專属伱の哋髙辛++昕斯の明,男,沙坪坝
东奔西固,男,西宁
大理采茶制茶体验,男,None
娅恩,女,深圳
么么哒,女,通州
张大眼睛,女,北京
麻了座城,女,黄冈
FeiniBuke,女,济南
None,未知,None
彪標,男,上海
Yani,女,咸阳
狮子,女,成都
直子💕,女,广州
爽仔啊,女,上海
None,未知,昆明
🍉叽里咕噜,女,贵阳
黑眼睛,女,西安
None,未知,None
None,未知,None
豆儿妈,女,南京
花开的声音,女,雅安
属猫的噻噻,女,丽江
属猫的噻噻,女,丽江
属猫的噻噻,女,丽江
天使茱丽叶,女,太原
蜂蜜,女,None
清风雨巷,男,北京
None,未知,None
归灬零,男,鞍山
袁大宝妈咪,女,合肥
萌小喵就是喵小奇,女,柳州
马蜂窝用户,女,包头
🎈,女,北京
彪標,男,上海
Meziie,女,巴塞罗那
STRICH杰翰男装邱,男,厦门
梅里雪山,女,两江新区
马蜂窝用户,女,深圳
西西,女,杭州
None,未知,None
梦大叔,男,太原
klic,男,云南
顺其自然,男,浦东新区
Fan雯怡,女,自贡
None,未知,None
大笨钟,女,中国
小黎家的媛媛,女,深圳
猫猫同学,女,九江
读读万卷书,男,成都
菲比寻常,女,秦皇岛
东阳,男,无锡
孟星燃,男,遂宁
zfx_han東,男,四川
None,未知,None
天天惦记,男,广州
糖加两勺,女,南宁
kara,女,None
追梦,女,北京
摄影师郑凯-kk,男,None
马蜂窝用户,男,腾冲
钟会长生命第一,男,清迈
马蜂窝用户,女,None
None,未知,None
旅行图章,男,昆明
巫小仙,女,西安
None,未知,None
娜趟旅行,女,深圳
爽仔啊,女,上海
罗罗大方1,女,杭州
颖,女,深圳
None,未知,None
蓝雨汐,女,成都
灵心,男,西宁
oοΟ瑾。,男,榆林
None,未知,None
佳YU漫时光,女,成都
恬淡无为,男,大理
None,未知,None
马蜂窝用户,女,自贡
None,未知,成都
None,未知,成都
荷兰进口小凉皮,男,阿斯旺
大理旅拍阿明,男,None
Y。陈默,女,None
None,未知,None
赵小慧,女,大理
SophiaBahler,女,其他
不要叫我阿梅,女,北京
小哇,女,None
犯.囚爱,男,杭州
evenc,女,广州
琪琪,女,天水
卢金辉,男,郴州
Ken,男,温州
winnie,女,台北
旅拍,男,上海
金龙,男,益阳
None,未知,None
leiwenaixiaoru,男,深圳
lemontrip。,男,丽江
陈玫瑰郑美丽,女,昆明
林志明Jimmy,男,上海
钟小宝,女,广州
Crow,男,山东
尘流儿,女,None
Aa.爱已入骨,女,北京
Mandy,女,成都
CHANYEOL,女,None
很帅一哥,男,成都
CHANYEOL,女,None
珊妹儿,女,首尔
茶茶,女,上海
邢占平,男,太原
None,未知,None
无,女,成都
马蜂窝用户,女,福州
None,未知,None
Dummy,女,None
None,未知,None
None,未知,武汉
玩笑,女,重庆
None,未知,深圳
小妖小妖酱,女,南京
🐟鱼同学,女,湛江
小红帽,女,None
leevin0516,女,None
rry,女,重庆
清澈,男,青岛
Space,女,江苏
小白,女,岳阳
None,未知,None
😊L😊Y,女,None
哦,女,襄阳
小恐龙🦖,女,绵阳
走遍中国,男,景德镇
🌊鴿子🐳,女,深圳
futurebehappy,女,北京
清平乐,女,成都
千千,女,厦门
andycl,女,成都
记忆中的故事,男,广州
谷悦,女,北远
lfs,男,武汉
再别康桥,男,苏州
None,未知,None
没有机车的骑士,男,杭州
笑看风云,男,天津
None,未知,None
木子青柠🍋,女,北京
None,未知,None
小飞象,男,None
October陆陆,女,合肥
Wind,女,广西
Wind,女,广西
None,未知,None
None,未知,None
c,女,None
用户6329616749,女,北京
采cai女,女,None
东南,男,保定
century,女,北京
属猫的噻噻,女,丽江
SOFTLIPANDA,女,北京
爱旅行的南方姑娘,女,长沙
兰画长公主,女,长沙
向阳，花开,女,邢台
None,未知,None
马蜂窝用户郭正炜,男,上海
Glance,女,None
奶盖,女,曲靖
丶八宝饭里撒盐巴,女,成都
None,未知,None
南瞻部洲,男,张家口
香菜圆子,女,None
None,未知,None
黑曼巴,男,济南
余生。,男,台州
None,未知,长沙
。,男,赣州
None,未知,佛山
👌,女,温州
我不知道啊,女,北京
Silvia_雪,女,其他
大糖逗子,女,成都
海,女,None
momochan,女,广州
火山爆发,男,广州
简,女,上海
AnneAn,女,新加坡
Katharine,女,None
‍讲你知,男,合肥
海藻娃娃,女,大理
None,未知,None
Yvette,女,广州
贰柒🌻,女,成都
村东头那小伙,男,南宁
None,未知,西安
None,未知,None
东北小二妮儿,女,南京
None,未知,None
忙里偷闲,男,郑州
我爱奕程,女,北京
青者柠檬也,女,朝阳区
郭牙牙游记,女,北京
None,未知,None
丹妮莉丝&quot;Mr.R,女,None
烟儿68,女,深圳
烈火麒麟一一,男,云南
None,未知,None
阿唐,男,上海
None,未知,深圳
愚人,男,无锡
我是小瘦子呀,女,南昌
中国尔玛,女,丽江
None,未知,None
🍀桃花朵朵开,女,成都
三皮,男,重庆
Waitingforyou,男,济南
THISISME,男,朝阳
回忆往昔,男,保山
潘小莹，,女,遵义
None,未知,None
涛哥依然潇洒,男,哈尔滨
Mamba,男,大连
icebaby,男,北京
旺仔,男,东兴
蒲公英,女,萍乡
None,未知,攀枝花
2B青年一直在路上,女,桐乡
小悦张,女,上海
Shmily,女,苏州
蓝色流光,男,昆明
None,未知,None
TiffaNy、,女,武汉
乐在其中,女,成都
马蜂窝用户,女,成都
None,未知,北京
往后余生,女,北京
安之若素,女,成都
Archer,女,杭州
连杰,女,哈尔滨
小小哈儿,女,昆明
水木沐,男,合肥
哆肉,男,德阳
洋洋,男,丽江
CENCEN,女,上海
恬淡无为,男,大理
河边边上,男,遂宁
啊啊啊阿兰,女,上海
盛开,女,云南
邓登登登,女,广州
淼淼姨,女,佛山
candy,女,广州
萌哒哒出游,女,柳州
马蜂窝用户,女,青岛
龙大喵,女,成都
飞鸿踏雪泥,男,澳门
张曼,女,昆明
小火苗,女,苏州
飞鸿踏雪泥,男,澳门
Darknight,男,苏州
张式情歌,男,None
半听冰可乐,男,哈尔滨
莫言,男,齐齐哈尔
马蜂窝用户,女,None
瑞雪,男,上海
半面妖嬈,女,绵阳
🎵,女,大理
None,未知,上海
平平淡淡,女,扬州
None,未知,None
静若繁花,女,南京
大大泡泡糖,女,深圳
花生酱和辣椒,女,北京
在路上,女,深圳
心無罣礙,男,汕头
寒冰,男,贵阳
大大泡泡糖,女,深圳
恬淡无为,男,大理
一米阳光,女,张家口
大梅明雪,女,北京
大梅明雪,女,北京
None,未知,None
金岩,男,石家庄
寒冰,男,贵阳
一米阳光,女,张家口
大梅明雪,女,北京
None,未知,None
金岩,男,石家庄
刀马旦,女,武汉
左,男,广州
云南大理吉普车旅,男,广州
彭大婷,女,深圳
萍子GDP,女,None
Joe大鸿,男,None
中二·少年🐱,女,北京
小果果,女,大连
🐴不停蹄的小白,女,杭州
PitayaHuang,女,常州
马蜂窝用户,男,重庆
星月神话,女,广州
蔡虹,女,武汉
奋斗小青年,男,攀枝花
Lemon.xy,女,None
驴头妹,女,武汉
narcissus,女,成都
🍃微风清唱,女,None
janet777,女,北京
诚然,男,德昌县
None,未知,None
谦.,女,德州
ansel.tony.lee,男,北京
可可雨,女,福州
None,未知,None
Lynn,男,澄迈
summer,女,西安
天地有雪,男,上海
卿卿想要环游世界,女,石家庄
kiki庄,女,广州
漫步者,女,大理
艺菲菲菲Fei,女,None
婚讯,女,None
余笙,男,北京
逸然★看世界,男,大理
cafecat,女,重庆
林荫大道,男,北京
旅拍摄影,女,无锡
小黄是旅行探索者,女,成都
老瑶瑶,女,None
stillwaterrunsdeep,男,墨尔本
山歌,男,佛山
None,未知,None
金良,男,广州
rose003,女,上海
李,男,广州
青春狗吃了,男,北京
自由飞翔,男,佛山
YHY_,女,None
💕小林子吖💕,女,太原
None,未知,None
给未来的自己,男,广南
None,未知,None
晓宏,男,怀化
None,未知,None
大理摄影师叁月,男,大理
尉,女,佛山
，越美人,女,丰台
力郎,男,岳阳
Fourthx。,女,None
曼陀罗,女,沙坪坝
自由如风,男,深圳
官方游戏小白痴,女,上海
小刺猬,女,武汉
wentworth,女,广州
我有一头小毛驴,男,重庆
qin,女,重庆
多吧,男,广州
仙人掌社长,女,烟台
Hero李,男,北京
自由自在的蒲公英,女,淄博
HAKUNAMATATA,女,布里斯班
None,未知,阿格拉
王小丫,女,None
流浪鹅,女,None
小鱼,女,None
None,未知,None
忧郁的憨憨～,男,成都
Lucoo,男,南京
GreenDays,女,郑州
流光映画,男,None
оО姽婳эЭ,女,南宁
流水无痕,男,成都
柠檬泡腾片都不酸,女,None
None,未知,None
None,未知,None
None,未知,None
海天润,男,南京
小石头,女,广州
None,未知,None
游泳蛟龙,女,朝阳
None,未知,None
磕瓜子的猫,女,None
J.U.N,女,None
灰白兰兰,女,None
吾2_Candy-Lily,女,东城区
喵喵姐,女,广州
笑死二姐了,女,None
大宁子出发啦,女,深圳
eraser,女,None
小东东❤,女,昆明
深夜的森也,女,None
None,未知,广州
Sophia索索,女,上海
益达吃绿箭,男,None
六月,女,None
木子,女,None
小米不吃小mi,女,绵阳
👑goddess,女,昆明
风信子！,男,佛山
生如夏花,女,None
seesue,女,成都
西班牙人,男,宝鸡
nelsoncoming,男,武汉
一口甜甜瓜,女,郑州
小桃子🍑,女,成都
淉淉lc,男,自贡
_Zhu,男,广州
None,未知,None
提拉米苏,女,成都
第一次出门的人,女,绵阳
None,未知,None
Xiexie.,女,None
蔷薇,女,波尔多
云、染红了秋,女,阿勒泰
行万里路,男,南京
养了一个月亮,男,大理
None,未知,None
雪斐,女,洛阳
地球聚焦,男,上海
宝妈爱旅游,女,天津
Tony,男,重庆
None,未知,None
juanzi,女,长沙
None,未知,None
Hanna,女,南宁
得一,男,昆明
None,未知,None
Mlovear,女,成都
陈大默,女,None
None,未知,长沙
None,未知,陕西
千秋月别西楚将,女,北京
LilyVvV,女,None
橙橙橙橙丶子,女,龙岩
马蜂窝用户,男,杭州
米朵逛世界,女,None
七朵满天星*,女,丽江
龙,男,梧州
张木易,女,成都
路的尽头,男,大理
张航,男,宁德
薇哒！,女,重庆
是蔚蔚啊,女,昆明
None,未知,None
大理水墨摄影,男,大理
None,未知,None
旅行者阿豪,男,杭州
雅尼克·于,男,哈尔滨
None,未知,广州
蜗牛-Yoo,女,北京
六佰-L,女,济南
想念,女,昆明
DaisyX,女,北京
Joyce,女,朝阳
天津寂寞的星,女,北京
None,未知,None
None,未知,None
姩姩,女,大理
马蜂窝用户,女,辽阳
None,未知,None
天蓝,女,深圳
None,未知,None
米淘儿,女,深圳
Dorothy,女,北京
happiness_wu,女,深圳
万能的陈老狮,男,昆明
None,未知,成都
菲,女,杭州
野生人类,女,None
大理了凡海景别墅,女,大理
马蜂窝用户,女,朝阳区
zesen,男,None
瀚海牧人,男,深圳
super桃乐丝,女,成都
mama咪呀,女,阜新
晨夕,女,None
米九,女,北京
田小导,女,石家庄
河豚星🐡,女,成都
Yeo,女,深圳
None,未知,桂林
None,未知,None
🚗车～喵喵～阿狸,女,None
佃同學,女,云南
大焖锅的旅行意义,男,大连
ILMARE,女,None
零落,男,河西
幽静君,女,南阳
zjw,男,北京
黄豆,男,None
'Thetraveler,男,嘉峪关
佳佳,女,深圳
None,未知,None
大傲慢,女,佛山
爱疯的欧尼,女,广州
月半月半甲鸟🐣,女,南京
大胡子,男,上海
屈姑娘,女,深圳
None,未知,None
萧布E,男,大理
None,未知,广州
England,男,广州
梅,女,成都
默默,女,深圳
洛小畅旅行规划师,男,重庆
小胡子,男,德阳
璐璐璐,女,武汉
None,未知,None
蚂小西,女,上海
蛋炒饭没有饭,女,吉首
蚂蜂窝用户92819441,男,None
你瞒我瞒🎐,女,柳州
…F.x..,女,深圳
甜蛋,女,广州
None,未知,山东
开心果果,女,重庆
人生有味是清秋,女,北京
jenny,女,大理
阿塔娜,女,广州
爆炸土豆,男,雅安
少离,女,北京
摄影师提子,女,成都
None,未知,None
Ufashion_Lee,女,深圳
菬杪,女,重庆
何M,女,佛山
瘾,女,厦门
内心要魂淡呐,女,越南
金桔柠檬汁,女,成都
None,未知,None
yoyo,女,None
芹菜,女,浦东新区
　　　　　　　　 ,男,深圳
装盒子的糖果,女,厦门
瑞烟葱葱,女,克拉玛依
吉姆在路上,男,北京
None,未知,中国
张齐一安,女,北京
梦飞和里,女,厦门
大理月时光客栈,女,大理
None,未知,None
海如*吉祥摄影,男,成都
杨杨杨,女,西安
如果呢22,女,北京
爱吃桃🍑,女,北京
机灵的小不懂,女,重庆
刚刚,男,None
疯℡子,男,大理
于洋,男,威海
Always＊,女,苏黎世
None,未知,None
番茄大咖,男,杭州
马蜂窝用户,女,阳朔
欧葉,女,None
云南婷婷,女,昆明
ni,女,南昌
None,未知,None
劉温柔阿🎈,女,西安
Choco22,男,武汉
sculpt,女,昆明
一席行旅白龙,男,清迈
💋从零以后,女,南岸
tygogogo@qq.com,男,贵阳
None,未知,None
纽瓦克小站,男,西安
久伴丶深爱,男,成都
MANGO旅行,女,丽江
燃烧吧，小宇宙,女,重庆
旅行的一颗糖,女,None
Amber,女,广州
旅行，在路上,女,宜春
钟大豆,女,成都
None,未知,None
自由,女,北京
ZAI,男,沈阳
汪小纯,男,南京
虫小,女,成都
一直在路上,男,None
ROBIN,男,青岛
笑哈哈,女,None
lucci,男,佛山
None,未知,None
行走中的janet,女,广州
九龙腾,男,芜湖
XinyiChen,女,成都
辉辉running,女,海口
大眼,女,None
车游天下,男,北京
Yeeeee,女,深圳
❥Yuki☺,女,汕头
7,男,青岛
None,未知,None
戈多,男,广州
queyomao,女,None
None,未知,None
小小谊,女,昆明
灯火暖心,男,武汉
云南漫飞行,男,丽江
爱喝养乐多的怪力少女,女,运城
Onmyway,男,鄂尔多斯
隐约-闺宓设计师客栈18108723683,女,大理
Ailin_seizethewinter,女,上海
梦想方舟旅行,男,大理
妖，这就走,女,阿坝
lucky7💙29🌈,女,南昌
None,未知,None
小猫咪,女,天津
小浪花,女,南京
王杰185117747,男,海淀
许力,男,南京
准包子,女,贵阳
None,未知,None
None,未知,昆明
Ruby_星星,女,广州
None,未知,None
None,未知,None
苏鲁边河,男,None
五月,女,重庆
小小超,女,长沙
李鑫,女,北京
隔壁老王王王,女,宜昌
死前好好活,男,茂名
None,未知,杭州
caroline,女,上海
昂旺先森,男,大理
小麻瓜,女,广州
还好……^O^,女,None
红领巾,女,重庆
执笔写温馨,男,石家庄
None,未知,昆明
泉泉,男,南京
肥腾腾,女,None
zY_,女,None
莹草🍀,女,葫芦岛
初遇仙儿,女,None
心有琳系,女,None
逐沙,男,大理
一路前行,男,佛山
偶然,男,海口
微风🍂,男,大理
甜先森,男,成都
May梅子果酱,女,广州
李叹花,男,长春
Tania,女,深圳
萌萌的牛🐮,男,西城
None,未知,广东
途游游,女,贵州
潘神D,男,四川成都
华凯悦hky,女,重庆
None,未知,None
小夏天,女,郴州
大理风采,男,大理
我想凑齐七龙珠,女,潼南
木可_田心化十,女,海淀区
锦绣日月,女,上海
瀚海听涛,男,广州
Mai旅行,男,广州
None,未知,None
慎独,男,南京
yoli柚子,女,黄浦区
None,未知,None
撒哈拉沙漠,男,None
🍊,女,扬州
A袁🍒,女,石家庄
stella星,女,南宁
None,未知,None
千纸鹤,女,昆明
None,未知,None
红色基因！！！,男,盘锦
~Hh,女,长春
乌龟带我去旅行,女,长沙
None,未知,None
julia,女,宁波
CHADEL,女,HK
双椒阿恩头,女,静安区
None,未知,None
诺一,女,北京
None,未知,None
看我眼睛,男,重庆
None,未知,None
明超,男,广州
妙妙Rebecca,女,广州
小水317,女,扬州
机智的小刘哥i丶,男,昆明
我是主小羊,女,沈阳
叶于心,女,None
小米印迹,女,郑州
撒丿哥,男,云南德宏
光影PHOTO_,男,大理
Ting,女,成都
蒲公英的种子,女,四川
choi菜,女,东莞
Melvin,男,宁波
July,女,上海
Shine任,男,大连
何也,女,衡阳
肚子叔叔,男,香格里拉
云妮,女,长春
开路先锋官,男,合肥
露lu露lu,女,武汉
KAII,男,乐山
·黎编编,女,None
大脚CL,男,大理
阿力,男,南昌
rena,女,None
任先生家的小胖,女,眉山
姚帅帅✨,女,深圳
lani,女,广州
未知生物,男,利物浦
None,未知,北京
苍山松,男,昆明
成都巧巧,女,成都
None,未知,武汉
适者生存,男,北京
独自旅行的小磊,男,潍坊
None,未知,上海
一颗大白牙,男,云南
starxxxing,女,安道尔
卡基波在旅行,男,大理
斑马芯,女,None
None,未知,None
小呆正忙,男,昆明
None,未知,阿尔山
陈邯啊,女,浙江
冯药药,女,西安
小希,女,天津
L。,女,成都
暖风熏,男,上海
肆月间,女,北京
super,女,九龙坡区
小黑骑行号,男,西宁
马蜂窝用户,女,None
大美,女,None
Rosalia,女,呼和浩特
None,未知,重庆
_小鹿,女,中山
大圣在路上,男,广州
江畔魅媚,女,广州
None,未知,None
满园芬芳,女,江门
凤凰涅槃,女,苏州
孙慢慢慢慢慢,女,成都
田甜,女,上海
漂漂_棉布裙,女,昆明
None,未知,None
MissDiors,女,嘉定
马蜂窝用户,女,大理
丁荷,女,None
因为有你在,女,None
爱上时装秀,女,None
南山北海不是siri,女,北京
ssw,女,沈阳
Vampire.被大猪蒙了眼,女,攀枝花
小土,女,天津
阿黎叨叨,女,温州
Rye,男,厦门
正义蜂,男,广东
鸡年牛月,男,垦丁
依棠麻麻,女,深圳
59,男,西安
青禾,女,重庆
None,未知,None
小公子吖,女,宜春
大海,男,深圳
Mei,女,北京
栋拐幺拐,男,绵阳
落木,男,南平
姬吉己寂,女,苏州
Linz。,女,上海
东风吹醒英雄梦,男,上海
格子YI,女,重庆
helloxp,男,云南
缺个女朋友去旅游,男,郑州
🐤,女,贵阳
李师师,男,昆明
半边少年郎！,男,佛山
铃兰的等待25,女,江门
None,未知,None
小脸丸子,女,上海
None,未知,None
三百千,男,西安
None,未知,昆明
永远的痛,男,北京
依依,女,长沙
None,未知,None
敏💋🐬,女,None
蚂蜂窝用户,女,None
南西Nancy,女,台北
翱翔的鱼-冯小岛,男,北京
喵小姐愛旅行,女,北京
酋大力,女,郑州/台中
白开水有点甜,女,重庆
None,未知,成都
sevon,女,浦东新区
花卷儿,女,北京
请叫我_工作狂笛笛L,女,晋中
None,未知,上海
尚仁,男,大理
长夏,女,上海
屁崽,女,杭州
xxxVIII,女,北京
圆一媛,女,四川
sy-bless,女,None
英树,女,None
骑风的滑翔伞,女,长沙
会飞的鱼🐬,女,深圳
?End,男,大兴
Zoe,女,广州
我是蚊子,女,昆明
爱慕虚榕,女,成都
紫芋,女,北京
让心归岸,男,None
大白羊小多米,女,邯郸
None,未知,None
Joe,女,乔治王子城
″,男,韶关
马蜂窝用户行者,男,北京
璐小璐,女,西安
慕小篱,女,常州
青山青山青,男,浙江省温州市
中军大帐,男,上海
None,未知,None
Ｖｉｎｓｏｒ,女,南宁
杨扬,女,重庆
砖砖,女,丽江
莫苏,男,沈阳
JY🌸,女,广州
聿,男,南京
达一,女,南宁
人生若只如初见,男,贵州威宁
None,未知,None
Julia,女,厦门
木头,男,成都
無,女,浙江
None,未知,广州
暖暖爱,女,扬州
跌宕,男,广州
夜航船,男,海淀
Elliot,男,淄博
Baking,女,湛江
光脚丫的鱼,女,长沙
柠檬草的味道,女,成都
黎夏,女,广州
yoyo,女,福州
None,未知,None
None,未知,None
wings,女,广州
印尼花剑,女,大理
南子鸢,女,广安
记忆小馆,男,重庆
小淘淘·珠宝,女,广州
熊🐻,男,贵州
田田猫,女,None
monifree,女,杭州
None,未知,None
None,未知,None
eigh,女,None
杨梅,女,上海
更好的自己,男,遵义
让梦成真,男,深圳
苏菲亚,女,北京
海滩画风,男,珠海
RealJess,男,成都
ECCO,女,东城
曼溪,女,杭州
None,未知,None
None,未知,None
小宅,男,湛江
卡珠拉姆,女,阿布歇隆
crush,女,保定
william,男,沙坪坝
桔子,女,南京
Wendy,女,杭州
LIFE,女,中山
小黎米,女,云南
小猫,女,松江
深蓝jason,男,圣托里尼
关艾莎,女,None
will,男,None
索多,男,沈阳
大理格林摄影,男,大理
岚雾缥缈,男,北京
None,未知,大理
南极北极星,女,中国
小太阳,女,佛山
Lotus-Peng,女,悉尼
浅,女,淄博
Amelie└(^o^)┘,女,None
狗粮嘎嘣脆,女,郑州
None,未知,None
_陛下°,女,大理
Yvonne,女,南京
小辫子,女,澳门
None,未知,阜宁
山海,男,重庆
一只哒哒鹿,女,青岛
橘子,女,朝阳
None,未知,西安
童欣未泯,女,北京
璐仔,女,海淀
请认真,男,都柏林
不负如来不负卿,男,广州
吃瓜少女胡,女,杭州
冰家人,女,银川
大涨,男,河东
行者无域,男,上海
Vic,女,大连
语桐游世界,女,北京
点点白露湿青苔,女,昆明
她她酱,女,深圳
大彭彭,女,None
你听我说,女,重庆
None,未知,广州
庸人自扰、,男,宜宾
None,未知,None
剩下自己,女,六盘水
击浪飞歌,男,宜昌
花椒小姐姐,女,成都
H💜,女,昆明
谢小喵,女,柳州
MElly,女,重庆
Devin^ _ ^,男,朝阳
慕容十八剑,男,朝阳
MarchSunshine,男,长沙
大不列颠魚,女,南宁
浩然,男,日照
shelley,女,仓山
最爱杨煤炭,女,广州
HC,女,大理
None,未知,None
鱼的记忆,女,临沧
奶牛猫臭臭,女,北京
None,未知,None
应季蔬果,女,苏州
丽江臣安.小筑,男,丽江
None,未知,None
Sally小坤坤,女,北京
Vicky小姐,女,深圳
Andy,女,贵阳
viphubing,男,武汉
None,未知,None
空中飞慧,女,呼和浩特
乐在齐中,男,北京
十八岁的梦,男,青岛
Frank_Z,男,上海
棕熊Aurora,女,北京
苏璟凡,女,上海
许藤芳,女,珠海
黛,女,北京
多啦阿萌,女,成都
浮生若梦,女,重庆
None,未知,None
NINI-LX,女,成都
渝州说书人,女,重庆
艾十六,女,青岛
None,未知,None
璩小莹,女,山西晋城
毛毛虫,女,昆明
行,男,青岛
太阳,女,保山
爱吃芝士的布朗熊,女,西城区
九天,女,苏州
Emma,女,泸州
驭风,男,None
西北狗阿姨,女,兰州
金灿灿,女,None
匆忙的旅人,女,福州
有羽天,女,镇江
马蜂窝用户,男,None
有你开心D,女,广州
💜-Honey半夏,女,长沙
None,未知,杭州
super妮妮,女,武汉
晶鸣,女,闵行
随遇而安,女,成都
享受生活的阿姨,女,成都
旅人恒照,男,成都
徐小心豪哥,男,上海市
一只喜欢流浪的猴,女,上海
蘭,女,香港
None,未知,北京
None,未知,None
快乐就好！,女,柳州
民宿小荐人,女,厦门
葵葵侠,女,杭州
None,未知,广州
妤,女,山西
阿鲁阿依,女,昆明
None,未知,None
老玩玩,男,北京
马蜂窝用户,男,江苏
言西早,女,崇左
🍒梧桐雨🍒,女,南京
寻求本心,女,钦州
Saturday,女,玉林
钾不假快把化肥撒一撒,男,大连
🎈张小黑,女,大连
狼行天下,男,邢台
马蜂窝用户,男,武汉
douya520,女,重庆
塞塞,女,成都
hule1999,女,丽水
Flywithsehkmet,女,大理
炫妻狂魔,男,青岛
西子,女,四川
MOMA,男,深圳
机智的和先生,男,昆明
菜菜,男,深圳
None,未知,None
None,未知,None
橘生淮南,女,广州
毅然,男,雅安
None,未知,昆明
刺猬小姐,女,大连
暮雨433,女,北京
清蒸的小金鱼,女,安庆
runningman_boice,女,南开区
begin行走路上,男,广州
YuYu,女,成都
风景旧曾谙,男,西安
:（,女,None
TTT.com,女,西安
神仙哥哥、,男,沈阳
神秘园围脖,女,广州
佳佳,女,汕头
paco,女,昆明
None,未知,None
哦.,女,None
马蜂窝用户,女,成都
None,未知,None
随遇而安,男,苏州
zerohero郝,男,北京
眼镜,男,大连
旅行家攻摄,男,None
翘儿尾的喵太喵,女,锦州
小胡子,女,朝阳
清木,男,贺兰山
马燕,女,合肥
Rita婷婷婷,女,广州
草与禾间,男,南宁
我是小小翠,女,中山
🐵🐵🐵,男,成都
平凡小树Doris,女,天津
三,男,None
汤包,女,上海
李小曼,女,北京
意匠,男,None
ZyuT,女,深圳
Okcool_KK,女,上海
Ciel_,女,沈阳
行无疆_左左,男,成都
None,未知,东莞
None,未知,昆明
南方,女,沙坪坝
wen靓,女,深圳
红蓝天空,女,北京
None,未知,None
shart89,女,北京
美少女的旅行记,女,杭州
lx。,男,昆明
None,未知,None
象象,女,株洲
雅伦的旅行,女,文昌
None,未知,None
None,未知,北京
Ma,女,None
懒懒的远方🌍,女,利物浦
None,未知,None
泽尧,男,大理
Winsy_s,女,广州
A馨馨滴妈咪😘7,女,沈阳
奸笑的猫,女,广东
demon,女,北京
段玟宇,女,哈尔滨
陶陶,女,None
庄子,男,北京
Cutrin,女,资阳
随心随意,女,None
Freedom,男,嘉定
猫胖胖,女,上海
Shmily（阳子）,女,重庆
不爱番茄酱的子子酱,女,None
向日葵向太阳,女,昭通
我想去走走,女,西安
Joey,男,云南
gwl1992sunny,女,石家庄
None,未知,None
小太阳,女,沈阳
MountainDance,女,昆明
None,未知,None
东东西西南南北北,女,深圳
None,未知,None
和,男,广州
Violetecho,女,静安
沈浪,男,济南
vivi,女,西安
晚饭吃什么,男,淮安
旅拍免费,女,澳门
麦子,女,None
小兰,女,玉林
"1e,",女,长沙
弓长东,女,中国
奇迹的山,男,None
茉之狐,男,包头
可乐Colak,男,深圳
马蜂窝用户怪不得,女,哈尔滨
Vivian,女,西安
我的旅拍摄影师,男,中山
云端,男,广州
沙漏里~青草青,女,西安
Tina_juan,女,成都
白小迪加油鸭,女,长沙
恶毒少女👀,女,哈尔滨
None,未知,None
皮皮蛋,女,珠海
小南瓜去旅行,女,None
如戏,女,深圳
Jenny,女,大连
易燃a易爆a有毒a的KI,女,深圳
None,未知,None
苏柠萌,女,None
呼叫地瓜,女,上海
婚纱照免费,女,澳门
孙婧淇Rs,女,北京
爱旅行的bella,女,成都
M²,女,万州
我爱牛奶-牛奶爱我,女,佛山
angie,女,延吉
None,未知,None
美宝宝,女,佛山
None,未知,None
自然风,男,None
💋安娜💕,女,兰州
None,未知,澳门
未知的自己,女,长沙
None,未知,None
Sprina.chun,女,天津
小包谷,男,玉溪
慧珊Vanessa,女,广州
我死后请将我吃掉,男,大理
丹枫,女,唐山
～～,女,自贡
爱旅行的猫,男,北京
乌然娅措,女,拉萨
夏雨,女,厦门
马蜂窝用户,女,None
郭郭,女,六安
灰喵大王,女,海淀区
如影随形,女,广西
蒜蓉咖啡,男,None
雅雅,女,None
None,未知,None
娜娜流浪记,女,广州
ppppppppppppppp,男,广州
iwalkon,男,北京
6,女,None
peggy,女,None
Sabrina,女,杭州
小盒子lear,女,深圳
黑猫@无机岩,女,成都
ismeyaya,女,辽宁
Jennie,女,上海
杉柏长青,男,亚庇
看世界,女,石家庄
None,未知,None
Misspanda,女,石景山
杨羊Young,女,呼和浩特
一斤橘子皮,女,None
西西,女,重庆
麋鹿。,女,重庆
恋_WCC,女,重庆
海风,男,青岛
向日葵,女,齐齐哈尔
王小不不不,女,长沙
南方民宿,男,广州
DIANA,女,天津
闲闲,男,None
木亚映像,女,大理
X-佐伊酱,女,朝阳区
摄徒📷乐,男,大理
lover_llmm,女,重庆
邱天,男,西昌
清风淡雅,女,成都
小柒,女,深圳
陪我去远方_,女,青岛
如水莲子,女,阿坝
鱼香小主,女,成都
つ陌ミ,男,宜宾
None,未知,无锡
None,未知,北京
花开花落13759831239,女,咸阳
None,未知,沈阳
💗🌲🍃🎀✨💋👸❤,女,南宁
无暇,女,汕尾
BB_enjoy,女,None
呵呵乐,女,北京
小懒,女,长沙
喜欢拍照的阿峰,男,西安
Lost,女,上海
None,未知,None
小白,女,娄底
有意思啊,女,顺德
陈诺一,女,北京
饺子救救酒,男,天津
一只瓜,女,上海
Raicy欣,女,天津
由页美好,男,海淀区
沐阳之光,女,None
小贝,男,深圳
柠叻檬,女,大连
None,未知,北京
棉花糖的罐子,女,长春
翟小猪,女,深圳
旅行者的季忆,男,杭州
小小摄影喵🐱,女,武汉
马蜂窝用户,女,cs
YY90,女,玉溪
做个梦给我,女,北京
昕妈,女,青岛
寡人,男,宁波
猫儿圈圈,女,杭州
路上的露,女,南宁
None,未知,厦门
KIRA,女,成都
乐兮,女,成都
嘟嘟是个贪吃猫,女,上海
妞丫妞,女,泸州
syr豆豆,女,北京
比卡丘,女,None
WaiKowk汤圆,女,杭州
炭头熊猫,男,天津
御风而行,男,长沙
qiujier,女,北京
咸鱼,女,广州
w歌,男,昆明
垚游坤宇,男,重庆
聆听,女,开平
MAX峰山峰,女,贵港
琳达MM,女,上海
几米,女,成都
马蜂窝用户,女,None
民宿～讲究,男,大理
C·K不只是品牌,男,佛山
王梦蝶,女,郑州
None,未知,None
None,未知,None
处女座童鞋,女,None
None,未知,None
悠然,女,威海
小于快💋♡,女,新加坡
None,未知,None
传说中的小马甲,男,广州
❀正月兒十四❀,女,朝阳
隐形的梦想,女,来宾
在路上的猫,女,广州
行走的妞儿,女,北京
None,未知,None
圆圆,女,厦门
James,男,上海
H_lee👄₀₃₃,女,桂林
小怪兽吃的下凹凸曼,女,上海
芦苇叶饼饼,女,天津
woo-lucky,男,北京
黄某某,女,厦门
是仙女呀,女,重庆
yang(world),男,台北
晴天猪猪,女,广州
None,未知,Huanggang
MELODY,女,广州
追火车,男,上海
37℃,男,宁波
泡泡鱼,女,大理
None,未知,None
shiarl,女,长沙
姿,女,曼哈顿
fiyonaly,女,重庆
乔,男,伦敦
MissLa,女,杭州
小妖精👿,女,保定
沙律妈妈,女,东莞
柳林里,男,None
Q先森,男,重庆
Echo,女,上海
MichaelYan,男,青岛
静净,女,重庆
唯小邪,女,无锡
None,未知,None
虞安,男,新乡
长安,女,福州
None,未知,深圳
哆啦啦啦啦A梦,女,成都
我叫李李,女,北京
CC的奇妙世界,女,厦门
疯筝,男,厦门
Asion,女,广州
姜小葱,女,沈阳
None,未知,None
美思罗,女,重庆
瑾儿呀,女,广州
8糎米☆蔚蓝,女,北京
风轻云淡,女,None
None,未知,重庆
庚之七堇年,女,杭州
None,未知,None
宝妈的有财生活,女,中国
会飞的鱼🐟,女,南宁
淡淡的妙,女,四川
马蜂窝用户,女,None
小黑,女,舟山
。,女,宜昌
啊钧,男,广州
Deng👑,女,None
霓裳,女,南京
带着崽崽去旅行,女,成都
爱自己没情敌,男,郑州
追风的米奇,男,成都
伊伊啦啦啦,女,重庆
螤蟻慰蟽蟺伪胃萎蟽蟿蔚谓,女,None
Wei,女,大连
翠儿,女,None
开到荼蘼,女,北京
夏至,女,贵港
90度白开水,女,张家口
None,未知,None
Composurelx,女,湖州
Jamie,女,苏州
小猴子,女,成都
sunny之木子,女,昆明
乐观的土拔鼠,男,烟台
。,女,北碚
沐晴,女,None
鸡纵打不过牛肝菌,女,昆明
小小羲,女,云南江城
婧子👸🏻,女,广州
None,未知,广州
微子,女,北京
乐小嗨Alisa,女,深圳
阿黎,女,绍兴
小可爱与🐷,女,None
嘉嘉GAGA,女,东莞
可艾的妈妈,女,乐山
IrisL,男,杭州
夭夭,女,六盘水
Cx,男,成都
西域游侠,男,北京
Judy,女,朝阳
None,未知,None
逸逸,女,南昌
贵州最体验,男,贵州
淴洏,女,广东
孙欧尼,女,杭州
黄吧啦荳,女,柳州
Jasmine,女,厦门
颜小7,女,上海
大糊涂91,女,重庆
None,未知,None
菜鸟团团长,男,杭州
大脚,女,None
万里清秋,男,广州
茵子,女,重庆
mery0707,女,云南
None,未知,None
None,未知,None
乐乐爸,男,杭州
初夏小步舞曲,女,成都
安然,女,成都
美美虫,女,宁波
None,未知,None
大鼓。,男,温州
sunhyuk,女,北京
飞跃彩虹的考拉,男,北京
None,未知,None
Sam💤,女,成都
猫小伊,女,大理
婷妞妞,女,南宁
箶渫哋眼淚,女,昆明
Lucie,女,武汉
旋转的风吹不动我,女,昆士兰
香草泡芙雪,女,北京
驴掌柜,女,贵州
阿锟童鞋,男,南京
shollers,男,沙坪坝
朴粟,男,None
楽楽·YY,女,广州
None,未知,深圳
见你的样子,女,曲靖
None,未知,None
emily,女,深圳
Zoe,女,None
秀儿,女,西安
None,未知,None
棋宝,女,None
敏子看世界,女,襄阳
None,未知,None
None,未知,None
sunrise,女,广州
小蜂,男,成都
None,未知,None
生如夏花sgj,女,天津
行者,女,重庆
爱世界,女,重庆
卿卿卿小卿,女,成都
唐兔子,女,中山
马蜂窝用户,女,长沙
DorothyLiu,女,深圳
sun的美丽人生,女,重庆
开心懒猪猪,男,成都
MrsHeideman,女,重庆
None,未知,杭州
None,未知,None
李丽颖🍬,女,石家庄
奔跑的蜗牛,女,None
赵敏,女,云南
无脑小妖怪,女,深圳
None,未知,None
Winson3120,男,广州
Rowling的缝衣针,女,深圳
None,未知,None
筱风姿,女,宁波
大理kiki,女,大理
清芷民宿,男,大理
💋壞小妞儿💀,女,沈阳
球球,女,深圳
......,女,成都
我是科学家,男,天津
柒捌月的天空,女,绵竹
Snow,女,厦门
雪,女,重庆
漫。时光,女,None
None,未知,上海
None,未知,深圳
流云,女,None
刀刀鱼,女,重庆
图瓦卢的太阳,女,成都
o张小馨o,女,北京
桃花流水杳然去,男,长沙
蒋礼茂,女,成都
雪莉,女,佛山
宝妈一家,女,郫县
快乐的芮因,女,重庆
小白鱼,女,昆明
洱海之鹰,男,大理
大橹的爸爸,男,大连
Skaldisland,女,舟山
亲亲小熊,女,None
我,女,上海
None,未知,None
Autumn,女,中国
None,未知,昆明
路智祥,男,桂林
Kairos●*尐姐,女,成都
畅晗,女,天津
漫步的庭院,女,成都
旅游客,男,广州
废废鱼,女,海淀
依然喜杨杨,男,成都
赛芳,女,广州
广州寻梦之旅,男,广州
果儿,女,丽江
感悟人身游天下,男,连云港
None,未知,None
早小酥,女,成都
无名氏Nameless,男,上海
行走的力量,男,广州
潘静,女,通州
VIVIAN走啊！,女,天津
知谢堂主,女,徐州
G🍭芸,女,嘉兴
no1丫丫,女,上海
小丫头,女,None
佳佳酱,女,昆明
军军,男,铁岭
None,未知,石家庄
Anny,女,None
李雪莲,女,南京
零沫沫😘,女,海东
鱼的旅行,男,深圳
大川小川,女,成都
八斤,女,朝阳
孙净易,女,呼和浩特
祺,女,保定
可兮,女,None
shy,女,悉尼
瑜是乎,男,北京
得福.,女,None
未来的来,男,太原
杯子,女,None
🌾🌾欣茹,女,昆明
猪小贱,男,太原
wenson_温宁,男,徐汇区
火凤凰,女,广东
小棒,女,重庆
欣一,女,成都
lisa,女,广州
马蜂窝用户,女,None
七季,男,天津
晴晴XU,女,上海
走走停停,女,上海
图涂忽,女,合肥
影啊影,女,广东
海苔小姐姐,女,温州
草帽哥和金毛趣趣,男,大理
巨巨,女,广州
我是佩儿,女,武汉
金玉良缘,男,北京
重来,男,北京
张永斌,男,北京
逸心,女,郑州
紫小小,女,None
snow没有烟花放了,女,深圳
None,未知,大理
None,未知,广州
珂宝宝,女,珠海
曾小燕,女,沙坪坝
赵情怀,男,开封
nicay2461,女,西安
YY,女,昆明
None,未知,None
马克琳玲,女,红河
矮人,女,徐州
👸太平公主,女,宁波
张旺森,男,东莞
Jz陳,女,None
None,未知,None
啊啊啊啊红*^_^*,女,北京
云淡风轻gsk168,男,重庆
Duan,女,六盘水
浪花兔与Truda,女,贵阳
宁静致远,女,吉林市
M的旅行日记°,女,赤峰
悍妇,男,嘉兴
🍁,女,汕头
None,未知,None
郭铱铱Cecilia,女,北京
马蜂窝用户,女,西安
呼呼,女,上海
元气少女,女,重庆
__芳,女,武汉
丶兮兮兮兮,女,武汉
云淡风轻,女,成都
None,未知,None
okx,男,杭州
None,未知,None
Vincent,男,深圳
Wind,男,长春市
Zoe,女,广州
张橘子,女,广州
None,未知,None
十六,女,茂名
丢了爪子的喵小萌,女,成都
巴赫,男,巴尔瑙尔
None,未知,北京
soso苏锦锦,女,广州
我相信,男,赣州
行走的家,男,深圳
马蜂窝用户,男,None
勾勾手指永不主,女,哈尔滨
None,未知,None
flowerjunjun的地盘,女,文山
diamond,男,福州
十五的月亮石榴圆,女,昆明
None,未知,None
祈福,男,西安
D调E点OK,男,大理
系米（邹）,男,南昌
唐糖,男,南宁
释放心灵,男,天津
kaici,男,桂林
风情街的浪人Gary,男,东莞
葵话宝典,女,大理
穷游梦想家,女,黔西南
陈哥,男,大理
None,未知,长沙
park.sangmin,男,泰州
黑豆豆🌾,男,昆明
英,女,云南
马蜂窝用户,男,None
✨Miki✨,女,东莞
嘻嘻哈哈,女,衡阳
清欢,女,昆明
None,未知,重庆
约约皮,女,北京
None,未知,None
None,未知,海口
None,未知,None
小丸治,女,南宁
大理栖池达舍,男,大理
思念👒,女,宁波
None,未知,None
旅游小达人,女,大理
💣💣💣💩🔫🔫🔫,女,None
叮当&兔兔,女,苏州
搁浅zzzzz,女,苏州
None,未知,None
None,未知,None
传家宝,女,辽宁
九号球,男,珠海
None,未知,天津
Yao,男,None
kifeifei,女,成都
None,未知,None
光角落,女,重庆
我是我世界的中心点,女,赣州
None,未知,None
楽奈,女,None
None,未知,None
何先生,男,广州
滇西旅者,男,丽江
以沫,女,成都
Whatever楼@#$^%,男,None
阿果的秘密,女,朝阳
怪怪本怪,女,上海
枫铮嘛嘛,女,None
Wang/大象🐘,男,舟山
小红,女,上海
小撷撷,女,成都
喵殿下*,女,None
然星睿,女,上海
~小葵.?,女,昆明
keke,女,北京
人青,女,鹤峰
小雨点,女,None
Betty的妈咪,女,北京
雨珠儿,女,深圳
None,未知,None
李呀李昭君,女,None
知了💤,女,长沙
主啊主,女,北京
【朲在旅途】～邵天,男,None
自由行者,男,都江堰
杨,男,杭州
送你一匹马。,女,成都
巭老鹰,男,武汉
None,未知,None
None,未知,None
土匪脸,男,泸州
蔡小菜,女,金华
Syouth,男,None
年叔叔。,男,遂宁
静儿ttttt,女,深圳
陈朋,男,朝阳
刘小F,女,海淀
小二,女,大理
小枫的顾小五,女,海口
锋@行天下,男,广州
None,未知,None
景小糖,女,西安
Rita,女,岳阳
陈年的陈,女,None
💕娜娜💕,女,长春
✨三太子殿下,女,湖州
马蜂窝用户,女,深圳
miao521,女,北京
李启让,男,长沙
放肆。流浪,男,西安
戴亮亮少女欣,女,西安
星雨,女,合川
褚留香,男,贵阳
讲故事的人,女,上海
姍儿,女,成都
None,未知,None
collectress,女,长沙
体验人私订旅行,男,大理
lucifer,女,苏州
木格满朵,女,合肥
蝈蝈在旅行,男,北京
LePapillon,女,北京
映南,女,苏州
精灵男生,男,深圳
山大王,男,西安
韩跑跑,男,深圳
Murciélago,男,成都
娟娟,女,广州
None,未知,None
小傻样儿,男,沈阳
碧桃,女,成都
YYLQ,女,上海
氡氪氢氦,男,苏州
HazelW_ng,女,昆明
V-675,女,上海
dingzhiyoudaren,男,昆明
王九四,女,绵阳
Dali大利,男,中山
何庆兰,女,None
None,未知,None
術吾,女,武汉
None,未知,丰台
小辣椒爱徒步,女,重庆
♥里的阳光浴…,女,青岛
Linky,女,广东
浅懵,女,九龙坡区
自由猫,男,苏州
丹丹的旅行,女,昆明
None,未知,None
Aimer111,男,广州
