女,长沙
女,苏州
男,扬州
女,武汉
女,青岛
男,扬州
男,西安
男,阜新
男,邯郸
男,天津
女,北京
女,北京
女,北京
女,北京
女,广州
男,哈尔滨
女,福州
女,南岸
女,南岸
男,GZ
女,深圳
男,天津
女,北京
女,上海
男,朝阳区
男,成都
女,济南
女,呼和浩特
男,济南
男,扬州
女,广州
女,北京
女,桂林
女,天津
女,甘肃
男,上海
男,南京
女,石家庄
女,北京
男,天津
男,朝阳区
男,北京
女,凉山
女,泉州
女,西安
女,海淀
女,大连
男,GZ
女,北京
男,南京
男,大同
男,南京
男,扬州
男,泉州
女,北京
男,山西
男,沈阳
女,唐山
女,太原
女,天津
男,浦东新区
女,汕尾
女,北京
男,北京
女,海淀区
女,北京
女,石家庄
男,新余
男,济南
女,深圳
女,重庆
女,北京
女,哈尔滨
女,石家庄
男,丰台
女,北京
男,福州
女,北京
男,福州
男,宁波
男,九江
女,北京
女,乌鲁木齐
男,福州
女,上海
女,秦皇岛
女,嘉兴
男,宁波
女,地球
女,福州
男,大连
女,朝阳区
女,河北
女,北京
女,上海
男,山东
男,泉州
女,天津
女,南宁
女,北京
女,北京
女,福州
女,武汉
女,北京
男,长沙
女,淄博
女,宜昌
女,苏州
女,揭阳
女,上海
女,嘉兴
女,郴州
女,地球
男,大连
女,朝阳区
女,河北
女,北京
女,上海
男,塘沽
女,北京
女,上海
男,泉州
女,天津
女,南宁
女,咸宁
女,北京
男,上海
女,北京
女,福州
女,武汉
女,北京
女,淄博
女,宜昌
女,苏州
男,陕西
女,揭阳
女,上海
女,Beijing
女,嘉兴
女,地球
男,江苏
女,桃园
男,大连
女,朝阳区
女,河北
女,重庆
女,北京
女,上海
男,泉州
女,天津
女,南宁
女,北京
女,苏州
女,北京
女,福州
女,芒市
女,武汉
女,北京
女,淄博
女,宜昌
女,苏州
女,四川
女,揭阳
女,上海
女,贵阳
女,秦皇岛
男,南宁
女,成都
男,北京
女,宁波
男,哈尔滨
女,南京
女,石家庄
女,西宁
女,西城区
女,哈尔滨
女,哈尔滨
男,成都
男,卡尔加里
女,徐汇区
女,哈尔滨
女,哈尔滨
男,广州
女,晋中
女,北京
女,北京
女,西安
男,石家庄
男,渭南
女,徐州
男,西安
男,滨州
男,北京
男,石家庄
男,重庆
女,北京
男,沧州
男,西安
女,天津
女,石家庄
女,青岛
男,西安
女,张家口
女,太原
男,济南
男,北京
女,北京
男,邢台
女,上海
女,海淀
女,太原
男,淄博
男,烟台
女,上海
男,南京
女,大连
男,烟台
女,沈阳
女,沧州
男,鹤岗
女,北京
女,呼和浩特
女,苏州
女,阿坝
女,广州
女,长安
女,静海
女,辽宁
女,太原
女,广州
女,广州
女,广州
女,济南
男,太原
男,青岛
女,上海
男,青岛
女,北京
女,房山区
男,天津市
男,天津市
男,天津市
女,北京
女,北京
男,北京
女,营口
女,天津
女,太原
女,佛山
男,沧州
女,西安
男,顺义
女,台中市
女,西安
女,泰州
男,北京
女,包头
男,晋中
男,上海
女,烟台
女,石家庄
女,北京
女,内蒙古
男,晋中
女,青岛
男,天津
男,绵阳
男,深圳
男,北京
男,北京
男,成都
男,广东
女,北京
男,青岛
女,山东
男,太原
男,邯郸
女,北京
男,武汉
女,开封
男,济南
女,迪拜
男,武汉
男,石家庄
男,晋中
男,咸阳
女,西安
男,杭州
男,西安
女,上海
女,乐山
女,石景山
女,太原
男,上海
男,大连
男,北京
男,南京
女,浙江
女,周口
男,鄂尔多斯
男,鄂尔多斯
男,哈尔滨
女,北京
男,朝阳
女,广州
男,成都
女,北京
女,沈阳
男,沈阳
男,无锡
男,马来西亚
女,海淀
男,北京
男,沈阳
男,朝阳
女,北京
男,沈阳
男,西城区
男,广州
男,嘉兴
男,沈阳
女,衡水
男,沈阳
男,锡林郭勒
男,沈阳
女,淄博
女,天津
男,沈阳
女,广州
女,西安
男,天津
男,哈尔滨
女,朝阳
男,太原
女,哈尔滨
男,沈阳
女,朝阳
女,北京
女,二世古
男,西安
女,北京
男,广州
女,北京
男,平壤
男,北京
女,廊坊
女,烟台
男,海口
女,成都
女,太原
男,吉林
女,西安
女,西安
男,天津
男,成都
女,西安
女,朝阳区
女,朝阳区
女,西昌
女,西安
女,北京
男,郑州
女,西安
女,广州
女,青岛
女,哈尔滨
女,顺义
女,西安
男,镇江
女,上海
女,上海
女,上海
男,长春
女,沈阳
男,海淀
男,海淀
女,襄阳
女,哈尔滨
男,济南
男,海淀
男,沈阳
女,郑州
女,锡林郭勒盟
女,北京
男,济南
男,大庆
女,西安
男,郑州
男,咸阳
女,贵阳
女,北京
女,辽宁
男,济南
男,槟城
男,槟城
男,槟城
女,辽宁
女,朝阳
男,青岛
女,北京
男,槟城
男,槟城
女,重庆
男,槟城
男,济南
男,兰州市
女,北京
男,沙迦
男,沙迦
男,沙迦
男,沙迦
男,沙迦
男,沙迦
男,沙迦
男,沙迦
男,沙迦
男,沙迦
男,沙迦
男,沙迦
男,沙迦
男,沙迦
男,承德
女,辽宁
男,通州
男,北京
女,辽宁
女,辽宁
女,辽宁
女,辽宁
女,辽宁
女,辽宁
女,石家庄
女,辽宁
男,兰州
男,济南
男,邢台
女,广州
男,兰州
女,北京
女,沈阳
男,兰州
男,乌鲁木齐
男,兰州
男,兰州
男,兰州
女,广州
男,深圳
男,兰州
女,北京
女,朝阳
男,兰州
男,济南
男,西安
男,兰州
男,西安
女,西安
女,北京
男,兰州
女,沈阳
女,大连
男,汕头
男,石家庄
女,Tuscan
男,兰州
男,西安
男,兰州
女,长春
男,青岛
女,佳木斯
女,石家庄
男,安阳
男,济南
女,张家口
男,西安
男,兰州
女,朝阳
女,西安
男,兰州
男,兰州
女,沈阳
女,北京
男,衡水
男,兰州
男,兰州
男,北京
男,大同
男,兰州
男,兰州
女,哈尔滨
男,海淀
男,天津
女,太原
女,长春
女,邢台
女,邯郸
男,兰州
男,北京
男,兰州
女,郑州
女,东城
女,大连
男,南开
男,兰州
男,北京
男,兰州
男,上海
女,杭州
男,兰州
男,南京
女,晋中
男,青岛
男,大连
女,西安
男,黔东南
男,大连
男,南京
男,苏州
男,武汉
女,北京
女,南京
女,广州
女,广州
女,邯郸
男,南阳
男,北京
男,沈阳
女,福州
男,北京
女,大连
女,重庆
女,河南
女,北京
女,汉中
男,兰州市
男,济南
男,太原
女,天津
女,江苏
女,西双版纳
男,福州
男,福州
女,绍兴
女,哈尔滨
女,安阳
女,临汾
男,广州
男,福州
女,北京
男,福建
女,北京
女,邯郸
男,石家庄
女,北京
男,大兴
女,哈尔滨
男,太原
女,石家庄
男,北京
女,宿州
男,淄博
女,石家庄
男,辽宁
男,沈阳
男,天津
男,西安
女,北京
男,西安
女,成都
男,许昌
女,哈尔滨
男,塞罕坝
男,太原
女,邯郸
女,呼和浩特
男,西安
男,西安
女,北京
女,红桥区
女,北京
女,北京
女,西安
女,北京
男,咸阳
男,洛阳
女,西安
男,渭南
女,南昌
女,南昌
女,南昌
女,南昌
女,南昌
女,南昌
女,太原
男,东莞
男,株洲
男,拉萨
女,泉州
男,埃及
女,和平
女,南岸
女,中国
男,台中
女,唐山
女,北京
女,烟台
女,长沙
女,天津
女,上海
男,台中
男,张家口
男,咸阳
男,咸阳
男,朝阳
女,柳州
女,北京
男,呼伦贝尔
女,长宁区
女,昆明
男,台中
男,台中
女,西安
女,石家庄
男,常州
男,台中
女,昆明
男,台中
男,平顶山
女,北京
男,天津
女,北京
女,兰州
女,天津
女,重庆
女,潍坊
男,北京
女,北京
男,北京
男,郑州
男,北京
男,北京
女,北京
女,山西
女,大庆
男,济南
女,北京
男,厦门
女,奥鲁罗
男,达尔文
女,西安
女,太原
男,东城
女,南京
女,都柏林
女,山西
男,成都
女,北戴河
女,北戴河
女,朝阳
None,未知,None
跃动在指尖的阳光,女,贵阳
認眞の妮ル,女,秦皇岛
易江谣,男,南宁
Tina,女,成都
None,未知,东城
不爱表达,女,None
东山宝树,男,北京
None,未知,None
None,未知,北京
None,未知,None
None,未知,北京
Danna-YY,女,宁波
竹柳林,男,哈尔滨
一位不能戴耳饰的赵女士,女,None
喜欢这个秋天,女,None
芝加哥,女,南京
王毛毛,女,None
螃蟹横着走,女,石家庄
None,未知,None
惊鸿,女,西宁
努力的草履虫,女,西城区
旅游达人_薄荷,女,哈尔滨
旅游达人_薄荷,女,哈尔滨
胡涂难得,男,None
国,男,成都
吉杜,男,卡尔加里
缘来的路,女,徐汇区
旅游达人_薄荷,女,哈尔滨
旅游达人_薄荷,女,哈尔滨
None,未知,None
xuan.,男,广州
起风了,女,晋中
越狱兔丁丁,女,北京
飛若,男,None
一九九六,女,北京
Summer,女,西安
None,未知,None
温雅,男,石家庄
None,未知,北京
None,未知,None
Arthur,男,渭南
文文,女,徐州
None,未知,None
山大王,男,西安
None,未知,None
None,未知,None
运动快乐,男,滨州
None,未知,澳门
None,未知,成都
Tony,男,北京
行摄人生路,男,石家庄
火山哥,男,重庆
帽帽moer,女,北京
一位不能戴耳饰的赵女士,女,None
背包客的笔记,男,沧州
张龙,男,西安
V牙,女,天津
白小熊,女,石家庄
陈爱玲,女,青岛
sam,男,西安
紫苑绝歌,女,张家口
？，！。,女,太原
None,未知,中国
开着飞机逛世界,男,济南
王毛毛,女,None
None,未知,None
我的神州影像,男,北京
Даша*,女,None
木子期,女,北京
谈笑间,男,邢台
翠鸟飞飞,女,上海
fly,女,海淀
Michellehui,女,太原
一缕阳光,男,淄博
爱旅行的闫晓飞,男,烟台
樱桃气球,女,上海
Lucoo,男,南京
Vic,女,大连
盲点,男,None
爱旅行的闫晓飞,男,烟台
阿拉丁神邓✿,女,沈阳
一位不能戴耳饰的赵女士,女,None
None,未知,None
四季如意,女,沧州
小楼听雨,男,鹤岗
付郁萌,女,北京
Minusone,女,呼和浩特
小西瓜种村姑,女,苏州
舞汐、,女,阿坝
水亦东,男,None
山风岚,女,广州
橙月,女,长安
刘全连,女,静海
None,未知,None
秀的窝窝,女,辽宁
None,未知,None
土拨鼠的未来,女,太原
None,未知,石家庄
rosehua,女,广州
rosehua,女,广州
rosehua,女,广州
一只蕾蕾,女,济南
Yonger312,男,太原
Даша*,女,None
菜中菜,男,青岛
莫斯科郊外的虾,女,上海
None,未知,None
每天多一点,女,None
菜中菜,男,青岛
liurongqin1024,女,北京
盲点,男,None
CiCi的野花,女,房山区
祺瑞乐天,男,天津市
月色芬芳,女,None
祺瑞乐天,男,天津市
祺瑞乐天,男,天津市
一九九六,女,北京
None,未知,None
None,未知,None
wuli晓🎃,女,None
马蜂窝用户,女,None
肥兔子_X,女,北京
一枝黄花,男,北京
铭铭,女,营口
布噜布噜,女,天津
None,未知,None
惠,女,太原
None,未知,None
小蕉🌻,女,佛山
一位不能戴耳饰的赵女士,女,None
None,未知,None
拈花不语,男,沧州
None,未知,北京
千年一结,女,西安
宣仔,男,顺义
Jennifer,女,台中市
千年一结,女,西安
我是菲,女,泰州
首路雷子,男,北京
None,未知,None
张小喜,女,包头
我们我们、,男,晋中
蜂窝楠爷,男,None
None,未知,None
一位不能戴耳饰的赵女士,女,None
kiko,女,None
小太阳,男,None
小猪猪侠,男,上海
梦里花落,女,烟台
定制山西旅游,女,None
None,未知,None
娜娜。,女,石家庄
tdyshaou,女,北京
贝贝,女,内蒙古
我们我们、,男,晋中
萱萱要早睡,女,青岛
ふ道,男,天津
None,未知,None
jangkii,男,绵阳
王贤杰Jack,男,深圳
王毛毛,女,None
MSN🍃,女,None
Colomon,男,北京
None,未知,None
超,男,北京
顺水宾👣,男,成都
None,未知,None
哀伤布娃娃,女,None
gotoschoolbybus,男,广东
None,未知,None
XHYJ,女,北京
蜂回路转,男,青岛
糯米小团子,女,None
茉莉花开,女,山东
None,未知,None
时光流水,男,太原
那只特立独行的猪,男,邯郸
捧哏三连,女,北京
None,未知,None
老胡环游世界梦！,男,武汉
None,未知,None
印象派,女,开封
None,未知,None
赵昱焱,男,济南
Siena゛,女,迪拜
老胡环游世界梦！,男,武汉
白壮壮,男,石家庄
我们我们、,男,晋中
None,未知,None
,男,咸阳
衣锦夜行人,女,西安
王毛毛,女,None
不懂满足的zhu,男,None
Double_Hu,男,杭州
么有故事的王同学,男,西安
None,未知,None
我们的歌,女,上海
None,未知,None
None,未知,None
None,未知,None
夏天,女,乐山
雅雅,女,石景山
舍得,女,太原
天南地北,男,上海
大橹的爸爸,男,大连
None,未知,None
脑患儿镇水兽,男,北京
行万里路,男,南京
怀念,女,浙江
None,未知,None
清风,女,周口
蒙蒙,男,鄂尔多斯
蒙蒙,男,鄂尔多斯
去玩吖,女,None
东哥,男,哈尔滨
香料,女,北京
None,未知,None
🎼Iamtheboneofmylove,男,朝阳
miumiuzhong👶🍼❤️,女,广州
CXLTravels,男,成都
喜欢这个秋天,女,None
None,未知,None
小古妞,女,北京
None,未知,合肥
None,未知,新乡
藕努力,女,沈阳
还是没人理,男,沈阳
Kampinski,男,无锡
鳳,男,马来西亚
MichelleHwor,女,海淀
江天一色,男,北京
None,未知,None
还是没人理,男,沈阳
古镇迷男,男,None
🍃先生、陈,男,朝阳
小螃蟹和平步客,女,None
夏至蝉踪,女,北京
夏天,女,None
还是没人理,男,沈阳
Dex_Xin,男,西城区
None,未知,None
None,未知,武汉
TomsonYang,男,广州
自由自在雨江南,男,嘉兴
还是没人理,男,沈阳
孙丽静,女,衡水
还是没人理,男,沈阳
者别,男,锡林郭勒
我是木头人吗,男,沈阳
格格屋,女,淄博
小宇宙同学,女,天津
还是没人理,男,沈阳
None,未知,None
荆艳楚舞,女,广州
S™️,女,西安
是蕾蕾呀,女,None
ε自定义、,男,天津
游旅鹏赵,男,哈尔滨
落凡尘埃,女,朝阳
淡然润心,男,太原
勇敢旳小螃蟹,女,哈尔滨
喜欢这个秋天,女,None
还是没人理,男,沈阳
淋雪,女,朝阳
泡芙老师,女,北京
小木,女,二世古
聆游,男,西安
甜甜团团,女,北京
None,未知,None
不懂满足的zhu,男,None
古镇迷男,男,None
五叶一枝花,男,广州
「「慧」」,女,北京
赵富贵,男,平壤
元鸿,男,北京
观音,女,廊坊
金圣缘,女,烟台
None,未知,None
哥行天下,男,海口
清平乐,女,成都
土土,女,None
hyacinth--yang,女,太原
😈狮子座😈,男,吉林
None,未知,None
盛开的睡莲,女,西安
盛开的睡莲,女,西安
夏不二桐,男,天津
寂宽,男,成都
盛开的睡莲,女,西安
Duanduan,女,朝阳区
V马丹妮,女,朝阳区
感格山水,女,西昌
知言公子fay,女,西安
时肆,女,北京
幽蓝冰火,男,郑州
None,未知,None
古镇迷男,男,None
笑嘻嘻,女,西安
Sue,女,广州
结伴旅行,女,青岛
古镇迷男,男,None
清风雅月,女,哈尔滨
A媛媛大掌柜,女,顺义
多多lovedd,女,西安
None,未知,None
蓝天白云,男,镇江
牵只蜗牛,女,上海
牵只蜗牛,女,上海
牵只蜗牛,女,上海
二一零,男,长春
我叫何简简,女,沈阳
草原的雨,男,海淀
草原的雨,男,海淀
晴雨,女,襄阳
梦涵789,女,哈尔滨
古镇迷男,男,None
zhm_jinan,男,济南
草原的雨,男,海淀
None,未知,成都
opaim,男,None
我是木头人吗,男,沈阳
女真,女,None
Echo,女,None
Yumme,女,郑州
想飞的鱼,女,锡林郭勒盟
萌萌小姐,女,北京
zhm_jinan,男,济南
None,未知,None
落花无情,男,None
落花无情,男,None
饮罢常歌念故人,男,大庆
这女子又去疯了,女,西安
None,未知,北京
有趣的灵魂,男,郑州
送人头的肥肉,男,咸阳
None,未知,None
落花无情,男,None
落花无情,男,None
诗意存,女,贵阳
一川,女,北京
紫色偶然,女,辽宁
zhm_jinan,男,济南
落花无情,男,None
落花无情,男,None
douglaspg77,男,槟城
douglaspg77,男,槟城
douglaspg77,男,槟城
落花无情,男,None
落花无情,男,None
None,未知,None
紫色偶然,女,辽宁
小米猫,女,朝阳
沈曌,男,青岛
土豆爱吃马铃薯,女,北京
douglaspg77,男,槟城
douglaspg77,男,槟城
xin0888,女,重庆
douglaspg77,男,槟城
落花无情,男,None
落花无情,男,None
zhm_jinan,男,济南
张木木,男,兰州市
None,未知,None
乐游,女,北京
陶子李-,女,None
None,未知,None
；；；,女,None
None,未知,None
None,未知,None
🙏,男,沙迦
🙏,男,沙迦
🙏,男,沙迦
🙏,男,沙迦
🙏,男,沙迦
🙏,男,沙迦
🙏,男,沙迦
🙏,男,沙迦
🙏,男,沙迦
🙏,男,沙迦
🙏,男,沙迦
🙏,男,沙迦
🙏,男,沙迦
🙏,男,沙迦
汽水,男,承德
不爱表达,女,None
紫色偶然,女,辽宁
∑出界✘,男,通州
落花无情,男,None
落花无情,男,None
以滋米,男,北京
紫色偶然,女,辽宁
紫色偶然,女,辽宁
紫色偶然,女,辽宁
紫色偶然,女,辽宁
紫色偶然,女,辽宁
紫色偶然,女,辽宁
芒果,女,石家庄
紫色偶然,女,辽宁
None,未知,None
🐳老鱼,男,兰州
冬凌草,男,济南
古镇迷男,男,None
梁木,男,邢台
梦仍是我,女,广州
落花无情,男,None
🐳老鱼,男,兰州
果儿冻儿,女,北京
纸鸢❁҉҉҉҉҉҉,女,沈阳
🐳老鱼,男,兰州
你猜,男,乌鲁木齐
None,未知,None
🐳老鱼,男,兰州
🐳老鱼,男,兰州
🐳老鱼,男,兰州
Reason_37,女,广州
Apollo菠萝,男,深圳
🐳老鱼,男,兰州
小古妞,女,北京
冯小久殿下,女,朝阳
🐳老鱼,男,兰州
zhm_jinan,男,济南
足迹中国🇨🇳,男,西安
🐳老鱼,男,兰州
足迹中国🇨🇳,男,西安
蠢萌的初紫,女,西安
马蜂窝用户乐乐,女,北京
🐳老鱼,男,兰州
雁翎,女,沈阳
小鱼美美,女,大连
心無罣礙,男,汕头
Joker,男,石家庄
丫子MIYA,女,Tuscan
🐳老鱼,男,兰州
足迹中国🇨🇳,男,西安
🐳老鱼,男,兰州
夏夜的风冬夜的灯,女,长春
None,未知,厦门
海风,男,青岛
_绕世界流浪,女,佳木斯
我和youyou,女,石家庄
傲慢的上校,男,安阳
zhm_jinan,男,济南
蜗小牛,女,张家口
明明_MESSI,男,西安
None,未知,None
🐳老鱼,男,兰州
低调小尼姑,女,朝阳
立方米,女,西安
🐳老鱼,男,兰州
🐳老鱼,男,兰州
灯火阑珊,女,沈阳
走走停停的梦境,女,北京
大风起兮云飞扬,男,衡水
🐳老鱼,男,兰州
🐳老鱼,男,兰州
没有故事的男同学,男,None
米拉普拉斯,男,北京
马蜂窝用户,女,None
马蜂窝用户,女,None
断桥,男,大同
🐳老鱼,男,兰州
None,未知,北京
🐳老鱼,男,兰州
岩小呆💃,女,哈尔滨
祥子,男,海淀
洪祥,男,天津
Blanche,女,太原
~Hh,女,长春
布娜娜,女,邢台
聰白congbai,女,邯郸
🐳老鱼,男,兰州
劳力,男,北京
🐳老鱼,男,兰州
不定时旅游的兮言,女,郑州
浏阳河,女,东城
诺亚方舟,女,大连
王老师,男,南开
None,未知,None
None,未知,None
🐳老鱼,男,兰州
薛霖,男,北京
🐳老鱼,男,兰州
天地有雪,男,上海
卉仔可以环游世界,女,杭州
🐳老鱼,男,兰州
lythrumer,男,南京
遇见u,女,晋中
wan t1000,男,青岛
Mr.君,男,大连
None,未知,None
马老师,女,西安
庄周梦蝶,男,黔东南
老水手,男,大连
马蜂窝用户路漫漫,男,南京
一个人的旅行,男,苏州
巭老鹰,男,武汉
None,未知,首尔
拉尼娜,女,北京
None,未知,None
。,女,南京
vivilo,女,广州
None,未知,瑞士
None,未知,瑞士
wings,女,广州
忽然之间,女,邯郸
样儿,男,南阳
卐ﾟ亚特兰蒂斯卍,男,北京
None,未知,None
有温度的指北针,男,沈阳
eddy--时光的影子,女,福州
Даша*,女,None
元鸿,男,北京
九一,女,None
D.fei菲,女,大连
Wendy超酷也超甜,女,重庆
None,未知,None
xixi,女,河南
None,未知,None
None,未知,None
None,未知,None
亚萍,女,北京
等一个人～,女,汉中
安.,男,兰州市
浪子心情,男,济南
淡然润心,男,太原
飛飛茜小姐姐,女,天津
梁,女,None
偷得浮生半日闲,女,江苏
苦凉菜,女,西双版纳
蜂蜂特工隊,男,福州
蜂蜂特工隊,男,福州
None,未知,None
一路肆意风飞,女,绍兴
None,未知,None
Ruutx,女,哈尔滨
杜小苗,女,安阳
刺猬,女,临汾
博桥,男,广州
蜂蜂特工隊,男,福州
None,未知,None
None,未知,None
彤言彤语,女,北京
战神,男,福建
年妹独自旅行,女,北京
None,未知,None
忽然之间,女,邯郸
有为好青年,男,石家庄
None,未知,None
None,未知,None
None,未知,None
公子,女,北京
广隶,男,大兴
None,未知,None
None,未知,北京
南方嘉木,女,哈尔滨
None,未知,None
醉情山水痴迷人文,男,太原
None,未知,None
旧时王谢堂前燕,女,石家庄
飞上天的猪,男,北京
None,未知,None
WHATIF,女,宿州
a走遍中国,男,淄博
Dage,女,石家庄
快乐行者~王,男,辽宁
Keirgo,男,沈阳
None,未知,None
男孩已老,男,天津
None,未知,None
一路走着,男,西安
轩(^_^),女,北京
天元88,男,西安
绿蓑衣,女,成都
杨叔叔。,男,许昌
飞飞小麦,女,哈尔滨
草原大鹏,男,塞罕坝
酸秀才,男,太原
小莳光I,女,邯郸
糯米小团子,女,None
穿着潮鞋去旅行,男,None
Nlan💋,女,呼和浩特
五月的天,男,西安
五月的天,男,西安
None,未知,None
None,未知,None
一九九六,女,北京
我是温馨_Icy,女,红桥区
美美,女,北京
iris,女,北京
None,未知,None
媛子,女,西安
胖达,女,北京
猜,男,咸阳
小杰,男,洛阳
享受孤独,女,西安
None,未知,北京
一剑,男,渭南
周嫂嫂,女,None
None,未知,None
凤舞香罗,女,南昌
凤舞香罗,女,南昌
凤舞香罗,女,南昌
凤舞香罗,女,南昌
凤舞香罗,女,南昌
凤舞香罗,女,南昌
None,未知,None
抹茶色的醉,女,太原
小石头,男,东莞
却尘思,男,株洲
None,未知,None
爱旅行的理想国,男,拉萨
None,未知,宁波
Echco筱筱,女,None
竹影清风,女,泉州
梅子九,男,埃及
Blue,女,和平
游方,女,None
大猫还是小虎,女,南岸
None,未知,None
爱旅行的一只喵,女,中国
chen05266,男,台中
彦,女,唐山
圣兰帝雪,女,北京
Eleanor,女,烟台
谭艳,女,长沙
初心.,女,None
畅晗,女,天津
None,未知,None
大师兄,女,None
自在云深不知处,女,上海
None,未知,None
chen05266,男,台中
预言,男,张家口
清风徐来,男,咸阳
清风徐来,男,咸阳
None,未知,西安
allon,男,朝阳
小钱包,女,None
旅行路上的小若若,女,柳州
century,女,北京
小雨滴,男,呼伦贝尔
None,未知,None
马蜂窝用户,女,长宁区
None,未知,None
lemonontheway,女,昆明
chen05266,男,台中
darlenerain,女,None
chen05266,男,台中
吃土小锦鲤,女,None
shally-lee,女,西安
逆时针想念,女,石家庄
🇨🇳李一為,男,常州
chen05266,男,台中
初心.,女,None
L月,女,昆明
chen05266,男,台中
在路上,男,平顶山
Yansly⛵️,女,北京
平凡之路,男,天津
多啦pp,女,北京
远上寒山,女,兰州
小地主,女,天津
hattieliboqiu,女,重庆
oner的卡卡,女,潍坊
None,未知,None
None,未知,None
进德修业,男,北京
柒梦公子,女,北京
suipengju,男,北京
孟扬扬M,男,郑州
Mark,男,北京
吃瓜群众,男,北京
就爱玩儿,女,北京
喵喵喵,女,山西
None,未知,None
楞比.,女,大庆
跟着虎爸去旅行,男,济南
三思,女,北京
就是那个光,男,厦门
木子不语,女,奥鲁罗
夏木啊,男,达尔文
李动容,女,西安
winnie,女,太原
肉丁&倔强的小红军,男,东城
None,未知,太原
张张,女,南京
壮壮的肉多多呀,女,都柏林
shmily,女,山西
普诺,男,成都
红尘之外,女,北戴河
None,未知,None
糯米小团子,女,None
红尘之外,女,北戴河
江湖人称多米,女,朝阳
None,未知,西安
