珍宝游天下,男,遵义
荒原,男,福州
None,未知,中国
wifi,男,杭州
sky,男,上海
蛋炒饭,男,伊斯兰堡
芹菜,女,成都
阅尽沧海千年景,男,南京
maycc68,女,广州
🐟🐟🐟,女,宁波
大花,女,呼和浩特
Victor,男,朝阳
田间地头,女,淄博
茜子哥,女,益阳
深深深情的小点点,女,None
自在独行,男,景德镇
蚂蜂窝用户,男,上海
火焰,男,维也纳
草家宝玉,女,北京
可爱是一种心态,女,湖州
lucky_露露李,女,武汉
枸杞少女,女,上海
洋芋妹。,女,None
None,未知,None
哀而不伤,女,景德镇
火焰,男,维也纳
wye,女,武汉
None,未知,浙江
阿花,女,北京
None,未知,成都
﹏🎈.,女,大连
王锤锤,男,南京
是雪碧阿,女,西安
水瓶毛毛,男,重庆
(◡‿◡✿)徽羽,女,芜湖
Terry,男,上海
None,未知,上海
Tam.Angel,女,广州
帽帽moer,女,北京
阿楞走世界,女,北京
沐风,女,长沙
遇上一程,女,None
winterrain,男,河南新乡
UNCLE,男,中山
溪,女,徐州
景德镇拾稻陶艺,男,景德镇
马放南山,男,常州
老K,男,南京
*daliu.613*,男,六安
湖畔漫步,男,济南
景德镇拾稻陶艺,男,景德镇
None,未知,None
纸鸢,女,None
唐君武,男,湘潭
None,未知,南昌
大艾,女,南昌
三岁就很萌🌸,女,深圳
大艾,女,南昌
大艾,女,南昌
唐伯虎,男,厦门
Nipnie,男,北京
中国客家,男,兴宁
迷迷娃娃,女,广州
蓝莲花,男,长沙
苏生,男,海口
linkway,男,上海
None,未知,None
Ann游,女,四川
UNCLE,男,中山
末夏的大熨斗,女,黄浦
我是木里呀,女,苏州
圈圈点点,女,湖北
Sugar-x1n,女,南昌
次瓦公寓,女,景德镇
袁啊袁梦家啊,女,None
sky,男,上海
太阳照常升起,男,菏泽
None,未知,上海
文文,男,武汉
看见,女,兰州
看见,女,兰州
看见,女,兰州
看见,女,兰州
看见,女,兰州
lily喵,女,武汉
漫步时光,女,浙江
None,未知,None
风情雨漫,男,武汉
None,未知,None
阿曾爱旅游,女,江西
👧L..,女,None
夜雨,男,鄂州
Maggie,女,东莞
千寻╰,女,咸阳
老造,男,张家口
小明同学慢慢跑,女,深圳
蚂蜂窝用户,女,登巴萨
raven1988,男,咸宁
Carmel,女,None
vian86,女,合肥
None,未知,None
None,未知,上海
小柴,女,郑州
Jane,女,天津
可爱猪小胖,女,海淀
柠檬甜了,女,武汉
猫头鹰旅行,女,广州
星空,女,清远
西安小北,女,西安
None,未知,杭州
年糕团子,女,宁波
我就是nini,女,徐州
None,未知,None
次瓦公寓,女,景德镇
椰林,女,广州
我爱顺顺宝宝,女,None
霹雳闪电电,女,桂林
璐璐,女,景德镇
棕榈,男,北京
自在,男,玉山县
Bat,男,北京
华夏,男,上海
None,未知,山东
小米米,女,珠海
杨兔兔,男,杭州
焉知非福,女,广州
renzhen甘肃,女,兰州
None,未知,None
马蜂窝用户,女,杨浦
璐璐,女,景德镇
花花童鞋,女,杭州
苦瓜,女,上海
小砖头UP,女,北京
羞涩的文艺女骚年,女,广州
None,未知,None
袁啊袁梦家啊,女,None
袁啊袁梦家啊,女,None
None,未知,None
ekinvicky3114,女,北京
天井下,女,None
凭海听潮,男,成都
闫_闫闫墨叽,女,None
凭海听潮,男,成都
None,未知,None
wstylp,女,上海
None,未知,None
混蛋。,男,赤峰
超超,男,娄底
None,未知,北京
None,未知,None
None,未知,浙江
None,未知,None
whd9106,男,济南
马蜂窝用户路漫漫,男,南京
诺诺妈,女,深圳
带着眼睛去旅行,男,北京
我比姚明高,女,苏州
None,未知,None
雨融YUKON,男,南昌
Pieki,女,南京
马蜂窝用户,男,None
咦吖,女,常德
None,未知,北京
水晶璞邸酒店,男,None
棉花糖🌹,男,景德镇
None,未知,None
、Joycebec,女,扬州
ZHIHIN,女,咸宁
暖风熏,男,上海
江湖桃小二🌸,女,上海
单小招,女,北京
像风一样自由,女,太原
鱼帮帮,女,广州
None,未知,None
None,未知,江西
我是小沐呀呀呀呀,女,温州
♤船来了呀○_●,女,None
永恒依然,男,大庆
带娃去旅行的妈妈,女,佛山
None,未知,None
马蜂窝用户怪不得,女,哈尔滨
安暖絮语,女,衢州
曾智艳智曾,女,九江
蚂蜂窝用户,男,上海
蚂蜂窝用户,男,上海
羊葱兔豆鱼,男,北京
不乖,女,新乡
None,未知,江西
一生何求1357,男,武汉
山大王,男,西安
wendy,女,重庆
None,未知,上海
None,未知,上海
None,未知,上海
None,未知,上海
None,未知,上海
迎风一刀斩,男,北京
马蜂窝用户,女,深圳
野生人类,女,None
None,未知,None
船到桥头自燃沉,男,深圳
扬州侠客,男,深圳
None,未知,鞍山
短耳兔,女,武汉
扬州侠客,男,深圳
旎,女,南京
None,未知,None
None,未知,None
沫写春秋大梦,女,深圳
sibernwolf,男,南京
小明子carina,女,长春
菩提无树,男,None
lucky！,女,黄石
美丽风景,女,荆州
皖南川藏线月亮湾,女,宣城
艳子shanghai,女,上海
None,未知,None
醒梦如一,男,珠海
fello,女,温州
xyf,女,南京
飛行,女,南京
wings,女,广州
蔚岚姐,女,苏州
袁,女,衢州
None,未知,None
薄荷枫,女,北京
尘君,女,镇江
我叫龚大胖,女,深圳
Suddenly——,男,上海
Ha,女,珠海
菜中菜,男,青岛
袁啊袁梦家啊,女,None
侣行,男,上海
Salut🍋,男,温州
星雨,男,上海
小北,女,九江
简屿Island,男,南昌
次瓦公寓,女,景德镇
旅行的意义,女,北京
步步高,男,None
美蛋儿,女,南昌
璐璐,女,景德镇
空林,男,铜仁
笨小二,男,沙雅
侬伊顰玉,女,杭州
释然小冷,女,None
snoopy0130,女,益阳
--壹張壹陳艷--,女,宁波
老咖啡,男,大连
Early,男,None
None,未知,None
hitomi,女,黄山
浏阳河,女,东城
None,未知,泰安
白日出没的月球,女,None
璐璐,女,景德镇
迷迭香,女,上海
海风,男,青岛
花花,女,烟台
💐卖大运的刘菇凉,女,伦敦
歌德,男,沈阳
璐璐,女,景德镇
焦糖小寶🐵,女,上海
kelly19870,女,东京
孙越,女,山东
鉴湖六月凉,女,绍兴
唇一轰轰走天下,女,None
None,未知,None
观集寄闲,男,杭州
CATHY,女,南昌
南国,男,西安
叶勇,男,贵阳
Rachel,女,驻马店
Rachel,女,驻马店
whb,男,北京
南国,男,西安
✿゛春雨,女,北京
汗珠731,女,南京
None,未知,重庆
MarkLi,男,北京
金苹果,女,郑州
薇薇✌️程💃,女,武汉
迪个兜兜,女,烟台
None,未知,None
陇南人余松敏,男,上海
None,未知,天津
桔梗有追求,女,北京
迪丽热巴真好看,女,None
璐璐,女,景德镇
怀揣少女心的大佬爱凤梨,女,None
册册猫,女,永州
看海,男,景德镇
兔小姐,女,None
飞鸿踏雪泥,男,澳门
旅顺旅顺,男,杭州
迪个兜兜,女,烟台
rim-8,男,上海
wanmengqing,女,天津
迪个兜兜,女,烟台
等,男,舟山
隋嘟嘟,女,西安
人鱼公主,女,深圳
