喵了个哼,女,北京
None,未知,合肥
海阔天高,女,哈尔滨
海阔天高,女,哈尔滨
猫倩,女,台北市
摄影校尉,男,佛山
王栋,男,北京
猪背上的卤牛肉,男,武汉
nana5593,女,天津
花生小白,女,None
孤独岛,男,河北保定
南方明珠,女,厦门
MISS范二,女,广州
重口味啲小清新,男,哈尔滨
慕容十八剑,男,朝阳
None,未知,徽州
焕、筱忆逝,男,天津
Bonnie,女,上海
老老浦,男,上海
None,未知,None
胶卷在左,男,None
　　　　　　　　　　　　,男,许昌
卞革,男,朝阳
儒雅流氓,男,重庆
紫苏,女,杭州
马蜂窝用户文斌,男,石家庄
马蜂窝用户文斌,男,石家庄
假行僧,男,无锡
我想住在空气球里,女,海淀
Gao,女,虹口
Lulu,女,澳大利亚
诗羽三旬,男,宜昌
VicFang,男,上海
美途游侠,男,沈阳
Life,男,武汉
YY麻呀,女,漳州
我就是这么强大,男,合肥
None,未知,None
孙小琪🤑,女,中山
二一零,男,长春
木葉思林,女,上海
卜卜,女,重庆
mickeylily,女,石家庄
OUT,男,佛山
小小小_Lù,女,鞍山
虫工牌割稻机,女,杭州
扬子鹿,男,南京
栗子,女,杭州
双子的妈妈,女,阿尔卑斯山
斗斗🐰,女,北京
MILO,男,绍兴
J字拖,女,上海
酒酿小元子,女,武汉
None,未知,None
爱旅行的人,女,上海
林不弯,女,西城
金秋,男,None
蜜蜂窝,女,北京
yizhen9068,男,杭州
Xiong,男,东莞
None,未知,None
家有甄小主,男,北京
苏里南RosieX,女,杭州
很酷的昵称,男,芜湖
Bathory,女,西城
月亮,女,青岛
None,未知,None
梅玩梅聊,女,苏州
小Ata,女,大连
梅玩梅聊,女,苏州
忆江南,女,宿州
就是这么美怎样,女,上海
云萝,女,合肥
晚来风,男,南昌
None,未知,None
Wendy__Babe,女,None
Yani,女,咸阳
yyc123,男,上海
马蜂窝用户,女,武汉
秋凉夏之悲,男,None
游又游^_^,男,None
辛甜,女,常州
swallow,女,湖州
一根草,女,北京
老K,男,南京
Mark杯,男,上海
Zyx~丫丫,女,上海
蔚蓝海岸,男,合肥
蔚蓝海岸,男,合肥
浪漫漫,女,上海
罗曼冷,女,上海
军哥军子,男,寿光
None,未知,None
一粟,女,成都
小七月💗,女,上海
黑白玄机,女,济南
李lililili,女,沈阳
鱼丫头,女,沈阳
None,未知,None
果果酱,女,深圳
rosehua,女,广州
Flower💗,女,嘉兴
herringxlh,女,重庆
坚持,男,深圳
N.JHY,女,None
艾绒儿,女,湖南
张小冬CR7,男,西安
午夜玫瑰花,女,上海
小猪,女,None
深海鱼儿,女,黄山
一只,女,长沙
苏生,男,海口
榮榮,男,上海
榮榮,男,上海
小廖,男,清远
None,未知,西安
社畜Kira修炼中,男,北京
韩冰一,女,北京
慢游,女,北京
狠心魔鬼,男,天津
None,未知,None
青岛云峰,男,上海
桂林老游子,男,桂林
国安MT,男,北京
天天惦记,男,广州
老帕,男,北京
陆与井.,男,东营
马蜂窝用户,男,None
风情雨漫,男,武汉
安小柒,女,长沙
别找我麻烦,女,合肥
微微,女,南京
None,未知,None
Lin,男,温州
每文,女,成都
木慕馨,女,成都
月半女开,女,北京
CecileTong,女,南京
我是一颗走星⭐,女,青岛
快乐行者,女,None
打着火把看电影,女,武汉
马蜂窝用户,男,本溪
仗剑走天下,男,朝阳
小怪兽吃的下凹凸曼,女,上海
👗🌏🛫,女,北京
jenny,女,潍坊
悠然自得,女,济南
李喵喵【玉】,女,None
李喵喵【玉】,女,None
马蜂窝用户,女,None
仙人掌🌵&amp;a,男,临沂
None,未知,上海
阿云,男,天津
再等等,女,宣城
会飞的无翼鸟,女,上海
大大泡泡糖,女,深圳
SpongeMel,女,杭州
三十七度,男,山西阳泉
千行,男,扬州
西西澄,女,南京
寻乡,女,None
梨子🍐,女,温州
颖猫儿爱吃鱼,女,北京
笨蛋在马蜂窝,男,重庆
静静听年华似水,女,静安区
忘忧草,女,北京
二十八宿君,男,南京
倩倩,女,杭州
琳儿,女,泰州
None,未知,None
马蜂窝用户,女,长沙
蓝莲花,男,长沙
§→清风明月,男,枣庄
西安小北,女,西安
萝川人氏,男,张家口
一个人奔跑,女,朝阳
无邪的墨者,男,唐山
李小胖不胖,女,厦门
马蜂窝用户,女,南京
我就是nini,女,徐州
马蜂窝用户,女,上海
爱旅游的汪先森,男,上海
细菌结,女,鄂州
极℃的冰块,男,沈阳
None,未知,None
李大金,女,济南
擎天威,男,北京
孙小欠儿,女,上海
i_sss,女,长沙
vitaminsea,女,上海
许筱柒,女,北京
黑眼圈圈的kid,女,唐山
闻闻_太阳,女,大连
老花的时间仓库,男,武汉
饮罢常歌念故人,男,大庆
George高,男,None
背着翅膀去旅行,女,绩溪
雅渭somnus,女,徐汇区
None,未知,None
静姝姑姑,女,海淀区
gbqdkwan,女,广州
None,未知,None
None,未知,None
🍭桃子汽水🍒,女,南京
J,男,济宁
Winnie,女,河内
None,未知,None
后知,男,山西大同
小茶壶,男,镇江
Delafee,女,南京
自由行者,男,朝阳区
我是没头脑,女,泉州
文静,女,汕头
imx💗,女,None
王小懒,女,苏州
马蜂窝用户,男,None
漠漠╭(╯ε╰)╮,女,南京
超超,男,娄底
CUICI崔姐儿,女,合肥
橘子柠檬味,女,天津
今天有没有好看的剧推我,女,昌平区
None,未知,None
旅行的蜗牛,男,辽宁
None,未知,None
巽,女,None
旅行不吵架,男,None
巽,女,None
巽,女,None
Ada💝袖手天下😈,女,重庆
悠然,女,广州
None,未知,上海
宝宝的Joem,男,青岛
望飞的燕子,女,黄山
内心富足平和珍惜当下,男,None
Josslyn,女,成都
施主讨杯茶吃可否,女,湖州
根子,男,无锡
None,未知,济南
爱在曼谷街头,女,青岛
二十八宿君,男,南京
Cute小辰光,女,无锡
夏小月-mooner,女,郑州
阿狸不吃梨,女,None
七熟胖仔不减肥,女,海淀区
None,未知,None
菜🎄菜,女,南京
户外头条,男,武汉
蜂蜂特工隊,男,福州
zzZ💤,女,铜陵
Yuki酱的芒果冰,女,沈阳
我要做题,女,上海
黄山马蜂窝达人,女,黄山
黄山马蜂窝达人,女,黄山
panda6337,女,北京
望舒,女,长沙
she r r y,女,朝阳
相识江湖,男,东莞
葫芦娃,男,厦门
梦幻星空,男,北京
萧咛,女,None
None,未知,None
桐柚,女,武汉
桃子同学,女,None
茗香💗,女,南京
云里雾里,男,惠州
甲骨文的流浪,男,None
None,未知,None
令狐小师妹,女,北京
nejiang,女,信阳
钟小宝,女,广州
raven1988,男,咸宁
北方姑娘,女,阿坝
奈丂酱,女,青岛
浪迹一生,女,南平
terry,男,广州
Ann,女,杭州
悠然一地,男,青岛
江湖小虾,男,None
tristauu,女,上海
valora,女,福州
橙子🍊,男,迪拜
刺刺刺刺刺__,女,斯德哥尔摩
文婷,女,长沙
文婷,女,长沙
马蜂窝用户,女,深圳
None,未知,None
行走着的二毛,女,None
菜园,男,乌鲁木齐
None,未知,上海
苏姐,女,重庆
shuilanlong,男,合肥
波波糖,男,南宁
猴子到BILLY,男,北京
LyndseyZ🍭,女,南京
摩托日记,男,None
三月,女,福州
y_航仔,男,泉州
nuo,女,福州
大肚子猪,男,惠州
温哥华的云,男,中山
None,未知,None
夏多多,女,苏州
None,未知,None
令梓喵喵,女,None
J-,女,泉州
大橙子Air,男,哈尔滨
young^w,女,武汉
1798。,女,上海
米录,女,武汉
明娟,女,None
铁男,男,苏州
爱吃水果的兔子,女,常州
不爱吃鱼的猫,男,None
阿菊菊,女,广东
始终在路上的安璇,女,珠海
阿菊菊,女,广东
碧海银沙,男,武汉
天海洁,男,临沂
雨小月_Sweety,女,北京
小辣椒,女,郑州
逍遥的酸苹果,男,西安
雨丝cc,女,武汉
None,未知,悉尼
一人忘川,女,张家口
每刀两文,男,福州
王威,女,沈阳
猫哥,男,合肥
闲云不飞,女,昆明
None,未知,上海
Evan,男,杭州
木木三撇,女,None
九一,女,None
Dadadee,女,厦门
草原犬鼠,女,北京
ahctog0right,女,上海
雙懸日月,男,苏州
你的小侄女,女,杭州
None,未知,None
婷,女,福州
None,未知,上海
小东北,男,哈尔滨
城里的月光,女,唐山市
懿梵,女,镇江
正能量e点测光,男,杭州
小学生CZ,男,天津
夏洛特,女,无锡
None,未知,None
Peri,女,北京
青仔永远要sunshine~,女,滨海新区
leiyinghaolao,男,武汉
None,未知,合肥
菜中菜,男,青岛
Tamama,男,上海
DG,男,None
nikyang,男,南京
可达鸭在路上,男,杭州
None,未知,None
安稳,女,None
白珞楠,女,郑州
@JKUN,男,六安
summer,女,深圳
None,未知,厦门
醉情山水痴迷人文,男,太原
清风细雨,女,北京
Sin.,女,西安
沧浪之水,男,天津
琥行天下,男,深圳
卡咘via,男,丽江
cinderella_yang,女,北京
太极83,男,北京
🌈AnAnLuO🐒,女,深圳
Early,男,None
玩家,男,西城
佳,女,福州
风中胡杨,女,郑州
后摇,男,湘潭
扬州侠客,男,深圳
冰儿88,女,温州
Sunny🌻🌻,女,北京
None,未知,北京
desperate噜,女,海淀
转转悠悠,男,杭州
达盖尔的彩旗,男,锦州
祝.海纳百川.潮涌,男,温州
糖糖,女,嘉兴
None,未知,None
梓元,女,哈尔滨
这是过客一驻足,女,None
梁小超12,男,长沙
weiwen0072,女,株洲
None,未知,None
EVA,女,南京
爱江南,女,福州
蹦嘚儿蹦,女,垦丁
Fred,男,北京
找胡子的猫,女,宁波
面瓜,男,南京
suipengju,男,北京
牛牛,男,西城
佳佳,女,福州
None,未知,None
豆子饼干,女,南京
四季清青,女,吉林市
舒心一点,女,北京
热冰,男,淮南
None,未知,秦皇岛
云无踪,女,山西
soldiers,女,仙台
花卷儿,女,丹东
路芷凝,女,广州
微笑,女,哈尔滨
Laksa,男,香港
H,女,哈尔滨
悠悠,女,济南
Echo,女,无锡
晚安,女,长沙
睿影,男,淄博
小胖,男,北京
张文,男,南京
阿阿圆马蜂窝用户,女,伊犁
弘觉,男,白山
萍萍,女,北京
躲猫猫,女,荆州
非儿,女,济南
红蔷薇,女,曲靖
蚂蜂窝用户wbc,男,北京
旅友的世界,女,None
24小时,男,成都
None,未知,None
道友请留步～,男,铜陵
多多去旅行,男,上海
悠悠歌声～,女,福州
弘觉,男,白山
斌,男,天津
kyrie华,男,Cleveland City
jiang,男,福州
luc,男,北京
吾仟森,男,宁德
妙妙❤,女,徐汇
五叶一枝花,男,广州
今夜不回家,男,苏州
Antonyliu,男,北京
津哥哥,男,深圳
None,未知,辽阳
JOE,男,长春
冰无言/wx,女,吉林
Antonyliu,男,北京
None,未知,辽阳
None,未知,天津
皮儿,男,北京
煜,女,常州
奇大牙,女,济南
Cindy小玲子,女,福州
爱可晓鱼,男,宁波
Antonyliu,男,北京
西米,男,沈阳
清蒸海鲜,男,武清
大杨,男,上海
Faye🍁🐑,女,苏州
滴答滴,女,台州
ENDLICHERI,女,上海
花非花雾非雾,女,沈阳
阿里,女,None
None,未知,苏州
🔅老游,男,清迈
看海,男,景德镇
黎明踏浪,男,广州
秦丽,女,哈尔滨
雨霖铃,男,合肥
飞哥,男,沈阳
好吃X的日常,女,南京
佚名君,男,杭州
Patty,女,广州
Lola,女,厦门
朱丹兮,男,苏州
孤与傲,男,None
一偌,女,合肥
None,未知,沈阳
蓝梦,男,蓝梦岛
金苹果,女,郑州
气球宝宝升级,女,杭州
一只蚊子,女,广州
happy木木,女,厦门
小呆瓜,女,None
浅浅,女,深圳
我就是路书,男,北京
dyy1987,女,杭州
我就是路书,男,北京
孤与傲,男,None
Five,男,西安
Kay,女,海淀
None,未知,天津
窗帘姐-水竹林,女,资阳
None,未知,浙江
毛栗,女,朝阳区
小太阳,女,滁州
呀土豆呀,女,杭州
大圣在路上,男,广州
Kaka-Jiang,男,布里斯班
咏梅,女,天津
Leafsu,女,北京
玲小姑娘,女,上海
小仙女下凡,女,青岛
郭辰辰麻麻,女,泉州
Px.Moro,男,渝北
