None,未知,None
行走的花,女,宜春
蜂窝媒,女,南京
💋小白💤ೄཉ྄ིུ,女,哈尔滨
小小金麻麻,女,上海
马蜂窝用户,男,重庆
渃柒ii,女,沈阳
Jove,男,广州
PlayWIthB,女,鞍山
Warmbaby,女,江门
石景山,男,北京
JeffCheung,男,苏州
望秋叹,男,扬州
一路芳华,男,唐山
None,未知,None
乐玩日志,男,广州
None,未知,None
夏子寒,男,新乡
老戋,男,上海
vivi慢生活,女,广州
习小远的视界,男,杭州
盛京豪侠,男,沈阳
盛京豪侠,男,沈阳
浅忆,男,江苏
maggie琼叨叨,女,北京
None,未知,五指山
心情雜貨鋪,女,大阪
风中的海草,女,朝阳区
None,未知,合肥
None,未知,合肥
None,未知,合肥
拳拳0物语,男,杭州
一萌,女,北京
疯儿.,女,广州
阿哲,男,泉州
常跑跑,女,北京
雨停,女,None
透明小果冻,女,芜湖
HONG,男,上海
星报局,女,广州
None,未知,None
薰衣草之恋,女,巢湖
帽帽moer,女,北京
花仙子,女,唐山
Piers,男,上海
国际迷高体育小镇,男,周庄
国际迷高体育小镇,男,周庄
love☼周庄♥,女,苏州
love☼周庄♥,女,苏州
love☼周庄♥,女,苏州
hero小鬼,男,None
None,未知,None
国际迷高体育小镇,男,周庄
乐瑜儿,女,杭州
郭egg,女,合肥
陌上花开,女,常州
国际迷高体育小镇,男,周庄
None,未知,None
豆子饼干,女,南京
南京大俭,男,南京
伸深绅砷呻胂渖,男,无锡
国际迷高体育小镇,男,周庄
超大仓鼠,女,哈尔滨
CandyRabbit,女,天津
国际迷高体育小镇,男,周庄
国际迷高体育小镇,男,周庄
love☼周庄♥,女,苏州
hongbo,男,上海
None,未知,None
love☼周庄♥,女,苏州
love☼周庄♥,女,苏州
国际迷高体育小镇,男,周庄
拜仁小仲,男,闵行区
傲娇的木子月儿,女,南京
JeffCheung,男,苏州
子曰18319,男,上海
露露,女,None
水墨人间,女,邯郸
沙漠无忧草,女,杭州
常跑跑,女,北京
None,未知,None
rosehua,女,广州
None,未知,None
国际迷高体育小镇,男,周庄
国际迷高体育小镇,男,周庄
星报局,女,广州
love☼周庄♥,女,苏州
love☼周庄♥,女,苏州
雪包,女,顺义
团子小姐,女,惠州
国际迷高体育小镇,男,周庄
国际迷高体育小镇,男,周庄
幽柒年,女,秦皇岛
国际迷高体育小镇,男,周庄
不吃鱼的猫,男,盐城
接接的小迷妹💕,女,墨尔本
透明小果冻,女,芜湖
透明小果冻,女,芜湖
None,未知,None
正版天涯,男,宝山
None,未知,None
国际迷高体育小镇,男,周庄
国际迷高体育小镇,男,周庄
董利民,男,德阳
球球,男,福州
一路向前,男,泉州
国际迷高体育小镇,男,周庄
Joanna_点点,女,英国
love☼周庄♥,女,苏州
星报局,女,广州
淡忘的记忆,男,上海
None,未知,None
None,未知,None
香宝墨宝妈,女,鞍山
不会潜水的巨蟹,男,舟山
熊熊熊🐾,女,黔东南
柚子你个大南瓜,男,阿里
love☼周庄♥,女,苏州
love☼周庄♥,女,苏州
love☼周庄♥,女,苏州
love☼周庄♥,女,苏州
老孙,男,北京
None,未知,None
碧海银沙,男,武汉
hero小鬼,男,None
李洁,女,黄石
qzuser,男,深圳
None,未知,None
老驴,男,杭州
张猫儿,女,沈阳
清境居士,男,北京
None,未知,None
None,未知,None
None,未知,吉朗
None,未知,None
Daisy,女,上海
漫网轻语,男,保定
玺然文化创始人,男,济南
love☼周庄♥,女,苏州
love☼周庄♥,女,苏州
张小鱼,女,None
None,未知,None
yiyi,女,上海
Okcool_KK,女,上海
Joanna,女,杨浦
嘈杂中的心静,男,None
love☼周庄♥,女,苏州
None,未知,遵义
None,未知,遵义
None,未知,上海
None,未知,None
小怪兽吃的下凹凸曼,女,上海
love☼周庄♥,女,苏州
孙艳君,女,南京
None,未知,None
Tiamo丶,女,台北市
涛,男,常州
love☼周庄♥,女,苏州
love☼周庄♥,女,苏州
None,未知,None
悠然一地,男,青岛
love☼周庄♥,女,苏州
love☼周庄♥,女,苏州
(๑•.•๑)雅,女,None
圆滚滚,女,揭阳
李丽聪,女,上海
liyongan,男,上海
扶风,男,马德里
M.牟小群💋,男,青岛
佑佑妈,女,莱芜
暖小暖,女,london
tangep,男,广州
西瓜911,女,杭州
秀的窝窝,女,辽宁
None,未知,None
看云绻云舒,女,昆山
廉颇未老,男,青岛
星报局,女,广州
璐璐生,女,南京
蚕猫旅游-大王蜂,女,江苏
King.Zhou,男,上海
love☼周庄♥,女,苏州
love☼周庄♥,女,苏州
None,未知,吉朗
None,未知,None
梧桐雨,女,漳州
遇见,男,北京
暴走de小米粒儿,女,吉林市
热爱生活的大胖子,女,虹口区
love☼周庄♥,女,苏州
love☼周庄♥,女,苏州
大王的二女儿👑,女,乌鲁木齐
鱼小嘎,女,None
飞飞,女,南京
小尾巴,女,None
大眼看世界,男,深圳
媛媛,女,北京
Icanbeverystrong,女,张家界
A小米,女,无锡
vikes,男,台州
浪荡的安徒生,女,上海
None,未知,None
Y游记,女,None
love☼周庄♥,女,苏州
love☼周庄♥,女,苏州
love☼周庄♥,女,苏州
Yiyi1006,女,上海
love☼周庄♥,女,苏州
索兰,男,郑州
桉記丶,男,昆山
爱旅旅游,男,None
None,未知,None
语菡,男,北京
阿紫呀,女,杭州
随缘,女,天津
缘来是你,男,廊坊
珏珏君,女,上海
None,未知,None
相忘江湖,男,None
None,未知,None
LuckyPlum🍬,女,扬州
None,未知,Shenyang
周敏辉,男,无锡
魔法,男,桂林
AFei,男,None
初生小马蜂,男,上海
涅槃,女,苏州
💖彦爷💖,女,汕尾
逗小猫,女,沈阳
None,未知,None
巭老鹰,男,武汉
小猪猪侠,男,上海
None,未知,None
小猪猪侠,男,上海
颜老师,女,上海
颜老师,女,上海
春风十里,女,None
小五,男,常州
None,未知,中山
辰包包,女,北京
徽山绩水,男,嘉兴
任凭云卷云涌,男,阿拉斯加
薄荷糖不要薄荷味,女,乌鲁木齐
小涧,男,北京
None,未知,杭州
、猫猫er,女,绍兴
刘剑伟,男,苏州
赵勇,男,重庆
Ripple,女,None
孙涛,男,海盐
孙涛,男,海盐
None,未知,None
易东农业,男,肥城
None,未知,None
虫虫,男,深圳
小小鱼,女,None
艳阳天,女,阿坝
None,未知,None
Jordan24,男,重庆
诚诚妈咪宝贝,女,None
LEXUS,女,乌鲁木齐
LEXUS,女,乌鲁木齐
马蜂窝用户,男,武威
回旋之水,男,南澳岛
禹小小🍉,女,常州
始终在路上的安璇,女,珠海
斌,男,天津
Moly,女,宁波
sonijasun,女,苏州
蕉太狼,女,深圳
期待Andy,男,杭州
矿泉水真好喝Y,女,长春
None,未知,深圳
方益松,男,南京
落寞回忆0623,男,泰州
Fynn,女,None
神拳小江南,男,西安
·T♥T,女,武汉
None,未知,None
时光旅者。,男,鞍山
我一直在,女,温州
