SummerC去流浪,女,重庆
scaramouch,女,嘉兴
Leo肆,男,None
None,未知,None
月之新秀,女,北京
itravelling,男,北京
小女子不文但青,女,太原
冯特曼先森,男,天津
满满猪,女,北京
Scarlett,女,None
木棉,女,None
行走的骆驼,男,北京
风儿,男,深圳
mingxin75,女,北京
李智,男,郑州
崔璨,女,北京
None,未知,None
陈春天,男,天津
崔璨,女,北京
纳时雪雪,女,北京
胡椒粉,女,邯郸
月桂冠的金芒,女,北京
newyybear,女,北京
去世界冒险的兜兜,女,朝阳
None,未知,None
cb422,女,北京
None,未知,北京
大俊哥,男,上海
彩铯沙漠,女,None
宝宝,女,承德
柴喜Chelsea,女,北京
None,未知,None
蚂蜂窝用户,女,北京
古北水镇旅游,男,北京
Elaine,女,毛里求斯
Shinyboy,女,嘉兴
Kara,女,北京
瓶子,女,北京
莪有一颗柔弱的心,男,北京
Shinyboy,女,嘉兴
潘小潘,女,天津
None,未知,汕头
胖胖兔,女,海淀
None,未知,北京
None,未知,None
happiness_wu,女,深圳
None,未知,朝阳
假装在地球,男,深圳
None,未知,None
Spring小小雪,女,西安
幸福漩涡2016之夏,女,天津
Magicyu,女,阿坝
浅语奈拉,女,天津
None,未知,None
玖十五,女,None
小泽td,男,沈阳
可爱的乐宝宝,女,北京
果儿的小猫,女,北京
@Alicia,男,None
通州彭于晏,男,通州
None,未知,None
口羊咩包子,女,南开
None,未知,None
谢徐疯子,男,北京
None,未知,None
我有好多白手套,女,石家庄
胡多楠,女,北京
迷死鱼🐟,女,北京
Olivia,女,廊坊
清水蓝心,女,秦皇岛
None,未知,None
李瑞祥,男,石家庄
None,未知,None
Petpet。,女,天津
None,未知,None
马蜂窝用Lin户,女,北京
寒凝早上的咖啡,女,北京
大王叫我去巡山,男,唐山
馨莹.迎新,女,朝阳
背包客的笔记,男,沧州
纪梵先生,男,广州
古北水镇旅游,男,北京
肥宅酥看世界,女,北京
麦小仙,女,长春
爱上一座城,女,石家庄
皮丶,男,北京
马蜂窝用户,女,太原
文小丫,女,朝阳
Jessica💝,女,朝阳
None,未知,天津
游侠,男,北京
木易,女,北京
大刚AIA友邦北京,男,北京
hxj_carrie,女,海淀
Cissy西西,女,朝阳
lily,女,北京
陌上花,女,天津
行者零,女,北京
None,未知,北京
住在心里的美景,女,None
行者零,女,北京
唔L,女,太原
小乖乖,女,北京
七七,女,海淀
清风雨巷,男,北京
未晓柴要奋斗,女,北京
None,未知,None
None,未知,None
小芹221,女,None
sr9999,女,北京
None,未知,None
fiona小七,女,北京
angela,女,通州
blackcat522,女,海淀区
马蜂窝用户,女,海淀区
泡面小姐,女,北京
茉拉啦啦啦,女,北京
水晶梦孟,女,阜新
小宝💋🇩🇪,女,None
LingYun,女,通州
None,未知,None
礼尚往来,男,北京
小雷旅行,男,北京
万万🐣,女,静海
None,未知,None
萌生C位是旅行,女,北京
首路雷子,男,北京
马蜂窝用户,女,东城
绿色心情,女,北京
Shinyboy,女,嘉兴
岚岚qq1505706823,女,洛阳
带着汤圆去撒花儿,女,大兴
Eternallyゞ🐳,女,None
灿儿,女,九江
dodo兜兜,女,乌兰察布
None,未知,None
coco可可,女,大连
蔷薇,女,北京
春天路上,男,北京
春天路上,男,北京
默默的麻麻,女,唐山
涵,女,朝阳
Eva,女,None
凉浅~,女,None
培培,女,北京
LePapillon,女,北京
南园野蔷薇,女,None
仗剑天涯,女,北京
刘洋,男,东城
黑米粒,男,南京
稻糠,男,北京
大刘和小刘的大袁,女,None
yike,女,北京
古北水镇旅游,男,北京
MarinaHu,女,深圳
晨阳,女,墨尔本
None,未知,北京
紫烟,女,北京
刘超,男,潍坊
花黎,女,朝阳
小齐,男,朝阳
Jasmine很懒。,女,捷克
Change~,女,北京
None,未知,None
芳草菲菲,女,北京
托斯卡尼的艳阳,女,天津
哎呀,女,石家庄
None,未知,北京
None,未知,None
喜琳,女,北京
小小子玉,女,武汉
S、jc,男,嘉定
旅游新手,女,None
Koizora曦,男,朝阳
﹌我也会有，偏,女,海淀
爱相懿爱旅行,女,北京
马蜂窝用户,男,None
sanlle,女,None
衣鱼911,女,北京
M_梦初,女,北京
None,未知,天津
zhu,女,北京
❕,女,朔州
改变生活方式,女,北京
改变生活方式,女,北京
六面兽,男,天津
懒懒的ok酱,女,None
Coco胡波,女,北京
温馨,女,和平
仙游娃娃,女,沈阳
凉白开²º¹⁸💫,女,None
sky,男,北京
金金金,女,北京
None,未知,None
牵着小手去旅行,女,北京
打熊猎人,男,北京
常跑跑,女,北京
可嘉,女,沈阳
L-达迪的頔,女,天津
沉香尽如屑,女,石家庄
放羊的小猴子,女,北京
None,未知,天津
Kayle,女,北京
长颈鹿,女,朝阳
牛牛,女,北京
金盏花,女,None
🇨🇳君🐑,男,沈阳
贝小琦,女,安道尔城
None,未知,北京
Ranger🎈,女,青岛
黛安晴,女,New York City
子轩,女,保定
None,未知,None
TravelWW,女,北京
讨厌胡萝卜的羊咩,女,天津
刘红艳,女,承德
薄荷糖,女,朝阳
None,未知,南开
a没名字a,男,南开
雨落凡尘,男,北京
RanE❤️,女,北京
阿彩,女,北京
路哈玛,女,北京
缘来的路,女,徐汇区
Cherry刘柴瑞,女,朝阳
lvysa,女,哈尔滨
None,未知,None
感悟馨声,女,北京
None,未知,None
🍬,女,秦皇岛
晓晓,女,北京
大白,女,海淀
马蜂窝用户,女,唐山
Miss·🍋,女,石家庄
大鹏,男,天津
咖啡的味,女,西城
None,未知,None
雪珊,女,海淀
康湫星,男,北京
None,未知,None
李克农,男,闸北
None,未知,北京
八咫丶悟,男,北京
丁小哭,女,北京
喜马拉雅的雪莲,女,北京
请叫我郭少女🔥,女,None
姚豆豆,女,朝阳
四季清青,女,吉林市
紫塞明珠乡村游,男,None
这呢！,女,温哥华
bella密集恐惧,女,北京
None,未知,None
许琦,女,丰台
桑葚,女,海淀
小荷小金钢,女,北京
燕子,女,北京
Paloma个个,女,北京
双鱼小妮子,女,北京
石小萌,女,朝阳
雪狼之舞,男,海淀
None,未知,垦丁
孟婆来杯优乐美,女,天津
珈娆,女,None
木木&猪小曦,女,长春
None,未知,None
程程,女,顺义
飞上天的猪,男,北京
花脸,男,北京
Henry,女,北京
None,未知,锦州
在路上佳,女,天津
None,未知,天津
上善几于道,女,北京
Rita-较真,女,None
说好一起到白头你却偷偷局了油,男,密云
镜子,女,保定
天朵儿,女,阜新
高霞客,男,北京
小二妮儿,女,北京
None,未知,None
土拨鼠糊糊,女,None
圣代千层雪,男,郑州
硕硕妹,女,沈阳
就是我啊,女,天津
None,未知,None
冬樱夫妇,女,门头沟
洋小蟹,女,北京
赖狐狸,女,海淀
Wendy,女,北京
东方雪千寻,男,北京
Doraemon,男,None
阿媛的游记,女,北京
彤言彤语,女,北京
None,未知,江苏
李慕白,男,长沙
Nicole,女,朝阳
None,未知,中国
阿片,女,北京
None,未知,None
None,未知,None
逐水草而居,女,朝阳
越,女,阳泉
None,未知,北京
爱玩的小当家,男,成都
Alice121,女,北京
suipengju,男,北京
我在笑。,女,西米斯
None,未知,北京
None,未知,北京
